date,category,amount,currency,client_code
2024-06-28,Одежда и обувь,11217.0,KZT,1
2024-08-20,Развлечения,14653.0,KZT,1
2024-08-01,Кафе и рестораны,15261.0,KZT,1
2024-06-22,Одежда и обувь,26108.0,KZT,1
2024-06-27,Одежда и обувь,28011.0,KZT,1
2024-07-02,Развлечения,8914.0,KZT,1
2024-08-18,Медицина,48847.0,KZT,1
2024-07-29,Такси,13592.0,KZT,1
2024-06-08,Одежда и обувь,5974.0,KZT,1
2024-06-16,Медицина,45306.0,KZT,1
2024-06-20,Кафе и рестораны,14310.0,KZT,1
2024-06-22,Одежда и обувь,12185.0,KZT,1
2024-08-27,Одежда и обувь,38422.0,KZT,1
2024-07-02,Продукты питания,4430.0,KZT,1
2024-06-23,Продукты питания,4008.0,KZT,1
2024-07-08,Развлечения,43392.0,KZT,1
2024-08-24,Продукты питания,13967.0,KZT,1
2024-07-04,Одежда и обувь,19205.0,KZT,1
2024-06-27,Одежда и обувь,37734.0,KZT,1
2024-07-07,Продукты питания,3275.0,KZT,1
2024-06-23,Путешествия,190.8,EUR,1
2024-07-29,Питомцы,38383.0,KZT,1
2024-08-13,Одежда и обувь,26921.0,KZT,1
2024-06-25,Цветы,46747.0,KZT,1
2024-07-26,Одежда и обувь,26027.0,KZT,1
2024-06-16,Одежда и обувь,47621.0,KZT,1
2024-08-10,Медицина,24921.0,KZT,1
2024-08-11,Одежда и обувь,41393.0,KZT,1
2024-07-16,Отели,403741.0,KZT,1
2024-06-10,Кафе и рестораны,40256.0,KZT,1
2024-08-31,Развлечения,23201.0,KZT,1
2024-07-23,Одежда и обувь,46691.0,KZT,1
2024-07-10,Продукты питания,7411.0,KZT,1
2024-07-24,Ювелирные украшения,260992.0,KZT,1
2024-08-28,Продукты питания,4319.0,KZT,1
2024-06-26,Развлечения,30272.0,KZT,2
2024-06-13,Путешествия,309624.0,KZT,2
2024-07-29,Такси,4685.0,KZT,2
2024-08-15,Развлечения,24289.0,KZT,2
2024-06-25,Спа и массаж,33003.0,KZT,2
2024-08-19,Кафе и рестораны,6051.0,KZT,2
2024-08-01,Продукты питания,2531.0,KZT,2
2024-06-20,Продукты питания,1541.0,KZT,2
2024-06-03,Такси,2516.0,KZT,2
2024-06-14,Одежда и обувь,15594.0,KZT,2
2024-06-25,Едим дома,42256.0,KZT,2
2024-06-16,Развлечения,20699.0,KZT,2
2024-08-19,Продукты питания,1351.0,KZT,2
2024-07-11,Продукты питания,9087.0,KZT,2
2024-07-16,Одежда и обувь,41205.0,KZT,2
2024-06-10,Продукты питания,13676.0,KZT,2
2024-06-08,Продукты питания,6930.0,KZT,2
2024-07-14,Кафе и рестораны,7171.0,KZT,2
2024-07-30,Медицина,38411.0,KZT,2
2024-08-31,Медицина,36952.0,KZT,2
2024-08-20,Кафе и рестораны,46315.0,KZT,2
2024-08-25,Продукты питания,11918.0,KZT,2
2024-07-07,Авто,27128.0,KZT,2
2024-06-13,Продукты питания,14018.0,KZT,2
2024-08-18,Медицина,49956.0,KZT,2
2024-08-10,Такси,2555.0,KZT,2
2024-08-10,Развлечения,18886.0,KZT,2
2024-08-19,Смотрим дома,9158.0,KZT,3
2024-08-01,Одежда и обувь,15196.0,KZT,3
2024-08-05,Медицина,6644.0,KZT,3
2024-07-22,Медицина,41664.0,KZT,3
2024-06-16,Продукты питания,4634.0,KZT,3
2024-06-05,Продукты питания,4978.0,KZT,3
2024-08-24,Ремонт дома,21402.0,KZT,3
2024-07-18,Одежда и обувь,28684.0,KZT,3
2024-07-28,Кафе и рестораны,39415.0,KZT,3
2024-08-31,Спорт,17593.0,KZT,3
2024-08-12,Ремонт дома,8248.0,KZT,3
2024-06-07,Продукты питания,6918.0,KZT,3
2024-07-01,Ремонт дома,11501.0,KZT,3
2024-06-26,Медицина,41193.0,KZT,3
2024-08-24,Продукты питания,14572.0,KZT,3
2024-08-05,Продукты питания,2631.0,KZT,3
2024-06-25,Кафе и рестораны,47954.0,KZT,3
2024-08-28,Одежда и обувь,15844.0,KZT,3
2024-08-31,АЗС,36261.0,KZT,3
2024-08-05,Продукты питания,7701.0,KZT,3
2024-06-08,Одежда и обувь,41932.0,KZT,3
2024-07-06,Кафе и рестораны,8007.0,KZT,3
2024-06-24,Продукты питания,12853.0,KZT,4
2024-07-18,Продукты питания,6094.0,KZT,4
2024-06-21,Продукты питания,5514.0,KZT,4
2024-07-09,Кафе и рестораны,48464.0,KZT,4
2024-08-31,Продукты питания,13250.0,KZT,4
2024-07-29,Кафе и рестораны,29465.0,KZT,4
2024-07-29,Продукты питания,2018.0,KZT,4
2024-06-24,Продукты питания,10928.0,KZT,4
2024-07-04,Продукты питания,4119.0,KZT,4
2024-08-09,Медицина,30192.0,KZT,4
2024-06-24,Продукты питания,2665.0,KZT,4
2024-07-01,Медицина,19218.0,KZT,4
2024-06-08,Подарки,7855.0,KZT,4
2024-07-15,Медицина,28844.0,KZT,4
2024-07-24,Развлечения,40208.0,KZT,4
2024-07-16,Кафе и рестораны,21097.0,KZT,4
2024-07-24,Подарки,29137.0,KZT,4
2024-08-21,Кафе и рестораны,39961.0,KZT,5
2024-06-26,Развлечения,19926.0,KZT,5
2024-06-27,Развлечения,20663.0,KZT,5
2024-08-29,Отели,745.03,USD,5
2024-06-07,Кафе и рестораны,47492.0,KZT,5
2024-07-13,Продукты питания,4217.0,KZT,5
2024-08-28,Кино,5663.0,KZT,5
2024-08-08,Кафе и рестораны,10525.0,KZT,5
2024-06-11,Продукты питания,2489.0,KZT,5
2024-08-12,Продукты питания,1143.0,KZT,5
2024-06-03,Продукты питания,5391.0,KZT,5
2024-06-10,Кафе и рестораны,49409.0,KZT,5
2024-06-30,Продукты питания,14758.0,KZT,5
2024-08-18,Продукты питания,14427.0,KZT,5
2024-07-13,Одежда и обувь,33676.0,KZT,5
2024-08-27,Подарки,30181.0,KZT,5
2024-08-26,Развлечения,31231.0,KZT,5
2024-06-23,Развлечения,8488.0,KZT,5
2024-08-19,Ювелирные украшения,159575.0,KZT,5
2024-08-08,Книги,13804.0,KZT,5
2024-06-01,Продукты питания,1822.0,KZT,5
2024-08-05,Одежда и обувь,19030.0,KZT,5
2024-06-16,Продукты питания,7876.0,KZT,5
2024-06-11,Одежда и обувь,27126.0,KZT,5
2024-08-08,Такси,13388.0,KZT,5
2024-08-20,Продукты питания,2835.0,KZT,5
2024-08-21,Продукты питания,1339.0,KZT,5
2024-08-09,Развлечения,28580.0,KZT,5
2024-08-23,Продукты питания,7950.0,KZT,5
2024-08-30,Медицина,45698.0,KZT,5
2024-08-08,Продукты питания,14792.0,KZT,5
2024-08-16,Продукты питания,12501.0,KZT,5
2024-07-17,АЗС,32955.0,KZT,5
2024-07-07,Ремонт дома,23516.0,KZT,5
2024-07-06,Медицина,38048.0,KZT,5
2024-07-15,Продукты питания,4746.0,KZT,6
2024-08-28,Продукты питания,1456.0,KZT,6
2024-07-15,Продукты питания,5734.0,KZT,6
2024-06-13,Продукты питания,7672.0,KZT,6
2024-07-29,Продукты питания,5768.0,KZT,6
2024-07-02,Медицина,40360.0,KZT,6
2024-06-30,Ремонт дома,34226.0,KZT,6
2024-08-06,Смотрим дома,12573.0,KZT,6
2024-07-17,Медицина,17674.0,KZT,6
2024-06-27,Продукты питания,3037.0,KZT,6
2024-08-21,Авто,38203.0,KZT,6
2024-08-17,Одежда и обувь,37077.0,KZT,6
2024-07-21,Медицина,12336.0,KZT,6
2024-06-28,Продукты питания,8349.0,KZT,6
2024-07-29,Ремонт дома,25090.0,KZT,6
2024-07-23,Продукты питания,7226.0,KZT,6
2024-06-06,Продукты питания,1314.0,KZT,6
2024-06-29,Продукты питания,4208.0,KZT,6
2024-06-30,АЗС,48767.0,KZT,6
2024-08-30,АЗС,36569.0,KZT,6
2024-08-29,Ремонт дома,40127.0,KZT,6
2024-08-15,Продукты питания,4117.0,KZT,6
2024-06-12,Медицина,39292.0,KZT,6
2024-08-08,АЗС,33095.0,KZT,6
2024-07-11,Кафе и рестораны,27529.0,KZT,6
2024-08-25,АЗС,15601.0,KZT,6
2024-08-06,Одежда и обувь,48942.0,KZT,6
2024-08-09,Книги,19936.0,KZT,6
2024-08-19,Ремонт дома,25410.0,KZT,6
2024-08-26,АЗС,23615.0,KZT,6
2024-07-28,Играем дома,26798.0,KZT,6
2024-08-12,Авто,12903.0,KZT,6
2024-08-12,Питомцы,11440.0,KZT,7
2024-07-07,Мебель,266655.0,KZT,7
2024-07-19,Одежда и обувь,22298.0,KZT,7
2024-07-29,Продукты питания,12501.0,KZT,7
2024-07-09,Продукты питания,5103.0,KZT,7
2024-08-14,Продукты питания,10621.0,KZT,7
2024-07-16,Ремонт дома,42933.0,KZT,7
2024-07-21,Продукты питания,14034.0,KZT,7
2024-07-07,АЗС,16297.0,KZT,7
2024-07-31,Кафе и рестораны,46820.0,KZT,7
2024-07-03,Продукты питания,8554.0,KZT,7
2024-07-02,Подарки,21516.0,KZT,7
2024-08-02,Продукты питания,1554.0,KZT,7
2024-07-07,Одежда и обувь,15552.0,KZT,7
2024-08-24,Ремонт дома,19438.0,KZT,7
2024-07-28,Продукты питания,5199.0,KZT,7
2024-08-21,АЗС,18069.0,KZT,7
2024-08-29,Ремонт дома,46534.0,KZT,7
2024-07-24,Продукты питания,6355.0,KZT,7
2024-07-09,АЗС,35097.0,KZT,7
2024-08-09,АЗС,36453.0,KZT,7
2024-06-07,Продукты питания,10250.0,KZT,7
2024-06-19,АЗС,42126.0,KZT,7
2024-07-26,Одежда и обувь,40451.0,KZT,7
2024-07-11,Продукты питания,2249.0,KZT,7
2024-06-28,Продукты питания,9012.0,KZT,7
2024-06-18,Продукты питания,8280.0,KZT,7
2024-08-20,Продукты питания,4398.0,KZT,7
2024-06-17,Продукты питания,6436.0,KZT,7
2024-07-07,Ремонт дома,22269.0,KZT,7
2024-08-27,Продукты питания,4839.0,KZT,7
2024-08-07,Спорт,30367.0,KZT,7
2024-06-06,Продукты питания,1101.0,KZT,7
2024-08-19,Продукты питания,2472.0,KZT,7
2024-07-01,Продукты питания,2344.0,KZT,7
2024-07-06,Продукты питания,9304.0,KZT,7
2024-08-21,Продукты питания,14076.0,KZT,7
2024-06-17,Ремонт дома,38521.0,KZT,7
2024-08-04,Продукты питания,2672.0,KZT,7
2024-06-21,АЗС,17973.0,KZT,7
2024-08-15,Продукты питания,5178.0,KZT,7
2024-08-28,Продукты питания,4860.0,KZT,7
2024-07-04,Цветы,10994.0,KZT,8
2024-07-02,Медицина,36254.0,KZT,8
2024-06-24,Медицина,28855.0,KZT,8
2024-06-13,Развлечения,30518.0,KZT,8
2024-08-27,Кафе и рестораны,8100.0,KZT,8
2024-07-12,Играем дома,19142.0,KZT,8
2024-08-06,Такси,5712.0,KZT,8
2024-08-09,Такси,14891.0,KZT,8
2024-06-18,Продукты питания,14487.0,KZT,8
2024-07-24,Развлечения,36206.0,KZT,8
2024-07-04,Продукты питания,10788.0,KZT,8
2024-07-26,Развлечения,15013.0,KZT,8
2024-07-23,Развлечения,21467.0,KZT,8
2024-06-30,Одежда и обувь,9121.0,KZT,8
2024-07-12,Одежда и обувь,11920.0,KZT,8
2024-07-29,Развлечения,49803.0,KZT,8
2024-08-02,Одежда и обувь,48260.0,KZT,8
2024-07-12,Одежда и обувь,22027.0,KZT,8
2024-08-14,Продукты питания,6572.0,KZT,8
2024-08-12,Кафе и рестораны,24123.0,KZT,8
2024-08-03,Такси,3227.0,KZT,8
2024-08-06,Мебель,331730.0,KZT,8
2024-08-28,Продукты питания,5281.0,KZT,8
2024-07-08,Медицина,10269.0,KZT,8
2024-06-08,Такси,8710.0,KZT,8
2024-08-23,Продукты питания,4928.0,KZT,8
2024-07-08,Одежда и обувь,15350.0,KZT,8
2024-07-27,Одежда и обувь,22688.0,KZT,8
2024-06-06,Развлечения,11664.0,KZT,8
2024-06-17,Продукты питания,8205.0,KZT,8
2024-07-22,Медицина,25301.0,KZT,9
2024-07-13,Продукты питания,5185.0,KZT,9
2024-06-11,Такси,12649.0,KZT,9
2024-07-27,Продукты питания,14109.0,KZT,9
2024-06-30,Развлечения,38323.0,KZT,9
2024-08-03,Продукты питания,6100.0,KZT,9
2024-07-02,Развлечения,36713.0,KZT,9
2024-06-19,Продукты питания,8230.0,KZT,9
2024-08-20,Кафе и рестораны,14093.0,KZT,9
2024-06-05,Одежда и обувь,27546.0,KZT,9
2024-06-27,Продукты питания,3263.0,KZT,9
2024-07-16,Кафе и рестораны,48400.0,KZT,9
2024-07-10,Такси,8848.0,KZT,9
2024-07-03,Такси,5469.0,KZT,9
2024-08-06,Продукты питания,13641.0,KZT,9
2024-06-18,Продукты питания,6155.0,KZT,9
2024-07-08,Питомцы,47655.0,KZT,9
2024-06-30,Кафе и рестораны,17978.0,KZT,9
2024-07-23,Кафе и рестораны,11879.0,KZT,9
2024-06-16,Такси,9049.0,KZT,9
2024-08-16,Кафе и рестораны,27174.0,KZT,9
2024-08-08,Продукты питания,2512.0,KZT,9
2024-07-29,Одежда и обувь,16106.0,KZT,9
2024-06-10,Одежда и обувь,20153.0,KZT,9
2024-06-27,Кафе и рестораны,41066.0,KZT,9
2024-08-03,Развлечения,18383.0,KZT,9
2024-07-07,Продукты питания,8805.0,KZT,9
2024-07-12,Продукты питания,9053.0,KZT,9
2024-08-15,Такси,13108.0,KZT,9
2024-07-03,Развлечения,43533.0,KZT,9
2024-08-05,Продукты питания,7138.0,KZT,9
2024-07-04,Одежда и обувь,38955.0,KZT,10
2024-06-27,Такси,11697.0,KZT,10
2024-06-19,Едим дома,20433.0,KZT,10
2024-07-05,Одежда и обувь,46662.0,KZT,10
2024-07-18,Продукты питания,12225.0,KZT,10
2024-06-22,Играем дома,30378.0,KZT,10
2024-08-13,Продукты питания,12281.0,KZT,10
2024-06-13,Продукты питания,4567.0,KZT,10
2024-06-14,Развлечения,29843.0,KZT,10
2024-06-05,Продукты питания,6375.0,KZT,10
2024-06-04,Одежда и обувь,11175.0,KZT,10
2024-08-16,Продукты питания,3293.0,KZT,10
2024-07-18,Такси,9256.0,KZT,10
2024-07-11,Продукты питания,11194.0,KZT,10
2024-08-09,Одежда и обувь,9760.0,KZT,10
2024-06-13,Продукты питания,12526.0,KZT,10
2024-08-30,Продукты питания,12122.0,KZT,10
2024-06-30,Продукты питания,5783.0,KZT,10
2024-07-22,Развлечения,35967.0,KZT,10
2024-07-12,Медицина,8184.0,KZT,11
2024-07-06,Продукты питания,2948.0,KZT,11
2024-07-18,Медицина,47912.0,KZT,11
2024-07-03,Такси,9291.0,KZT,11
2024-08-28,Медицина,31269.0,KZT,11
2024-07-24,Развлечения,39437.0,KZT,11
2024-08-25,Развлечения,8218.0,KZT,11
2024-06-27,Одежда и обувь,23133.0,KZT,11
2024-06-26,Медицина,14149.0,KZT,11
2024-06-16,Кафе и рестораны,34988.0,KZT,11
2024-06-26,Продукты питания,13063.0,KZT,11
2024-08-28,Продукты питания,3896.0,KZT,11
2024-08-31,Медицина,34160.0,KZT,11
2024-07-16,Медицина,22547.0,KZT,11
2024-08-29,Развлечения,10531.0,KZT,11
2024-08-05,Косметика и Парфюмерия,5192.0,KZT,11
2024-06-02,Развлечения,48366.0,KZT,11
2024-07-11,Продукты питания,2347.0,KZT,11
2024-07-26,Такси,8841.0,KZT,11
2024-06-08,Такси,14375.0,KZT,11
2024-06-25,Продукты питания,1238.0,KZT,11
2024-06-26,Кафе и рестораны,28287.0,KZT,11
2024-07-23,Медицина,24762.0,KZT,11
2024-07-10,Кафе и рестораны,7946.0,KZT,12
2024-06-08,Смотрим дома,49708.0,KZT,12
2024-08-24,Продукты питания,2931.0,KZT,12
2024-07-30,Кафе и рестораны,25497.0,KZT,12
2024-06-15,Развлечения,40636.0,KZT,12
2024-08-16,Кафе и рестораны,39565.0,KZT,12
2024-07-16,Продукты питания,6728.0,KZT,12
2024-07-07,Продукты питания,10598.0,KZT,12
2024-06-16,Развлечения,31589.0,KZT,12
2024-07-19,Кафе и рестораны,9322.0,KZT,12
2024-07-04,Кафе и рестораны,14533.0,KZT,12
2024-06-23,Смотрим дома,40798.0,KZT,12
2024-08-07,Кафе и рестораны,38797.0,KZT,12
2024-07-06,Развлечения,47912.0,KZT,12
2024-07-18,Продукты питания,2496.0,KZT,12
2024-06-02,Продукты питания,12717.0,KZT,12
2024-07-07,Продукты питания,12188.0,KZT,12
2024-07-09,Продукты питания,14351.0,KZT,12
2024-06-02,Медицина,43847.0,KZT,13
2024-06-21,АЗС,19850.0,KZT,13
2024-08-25,Спа и массаж,23515.0,KZT,13
2024-08-29,Медицина,14695.0,KZT,13
2024-06-27,Продукты питания,12554.0,KZT,13
2024-08-02,Развлечения,43930.0,KZT,13
2024-07-08,Кафе и рестораны,39732.0,KZT,13
2024-08-23,Продукты питания,10539.0,KZT,13
2024-08-21,Медицина,49473.0,KZT,13
2024-08-06,Развлечения,16013.0,KZT,13
2024-06-27,Продукты питания,9204.0,KZT,13
2024-07-02,Кафе и рестораны,13243.0,KZT,13
2024-07-27,Путешествия,328471.0,KZT,14
2024-08-08,Одежда и обувь,27550.0,KZT,14
2024-08-31,Продукты питания,11359.0,KZT,14
2024-08-07,Такси,9707.0,KZT,14
2024-07-12,Развлечения,21910.0,KZT,14
2024-06-19,Продукты питания,1852.0,KZT,14
2024-08-09,Развлечения,44859.0,KZT,14
2024-07-29,Продукты питания,6951.0,KZT,14
2024-08-20,Спа и массаж,14021.0,KZT,14
2024-07-28,Продукты питания,12034.0,KZT,14
2024-07-28,Продукты питания,4300.0,KZT,14
2024-06-17,Такси,7576.0,KZT,14
2024-08-01,Спа и массаж,39805.0,KZT,14
2024-08-17,Одежда и обувь,7030.0,KZT,14
2024-06-01,Одежда и обувь,15619.0,KZT,14
2024-08-01,Продукты питания,1769.0,KZT,14
2024-06-04,Отели,149.36,EUR,14
2024-06-19,Такси,10663.0,KZT,14
2024-08-09,Продукты питания,10824.0,KZT,14
2024-07-25,Одежда и обувь,21675.0,KZT,14
2024-06-05,Продукты питания,11216.0,KZT,14
2024-06-05,Продукты питания,4672.0,KZT,14
2024-08-07,Одежда и обувь,20324.0,KZT,14
2024-06-17,Продукты питания,10336.0,KZT,14
2024-06-21,Продукты питания,8646.0,KZT,14
2024-06-18,Развлечения,20495.0,KZT,14
2024-08-26,Ремонт дома,21362.0,KZT,14
2024-06-22,Продукты питания,12501.0,KZT,14
2024-06-05,Кафе и рестораны,14520.0,KZT,15
2024-06-29,Одежда и обувь,30148.0,KZT,15
2024-08-09,Медицина,33862.0,KZT,15
2024-06-06,Развлечения,10565.0,KZT,15
2024-08-11,Продукты питания,2127.0,KZT,15
2024-06-20,Кафе и рестораны,31667.0,KZT,15
2024-08-11,Такси,6521.0,KZT,15
2024-06-23,Развлечения,12033.0,KZT,15
2024-08-14,Продукты питания,9523.0,KZT,15
2024-06-10,Продукты питания,7323.0,KZT,15
2024-08-10,Путешествия,167772.0,KZT,15
2024-07-05,Одежда и обувь,48871.0,KZT,15
2024-07-09,Такси,10998.0,KZT,15
2024-07-18,Развлечения,13605.0,KZT,15
2024-06-02,Продукты питания,11124.0,KZT,15
2024-07-09,Едим дома,43002.0,KZT,15
2024-06-28,Медицина,7744.0,KZT,15
2024-08-04,Продукты питания,10176.0,KZT,15
2024-07-25,Кафе и рестораны,5733.0,KZT,15
2024-06-28,Одежда и обувь,42249.0,KZT,15
2024-06-06,Подарки,26264.0,KZT,15
2024-06-23,Медицина,36392.0,KZT,15
2024-07-05,АЗС,44456.0,KZT,15
2024-08-10,Кафе и рестораны,20302.0,KZT,15
2024-08-30,Продукты питания,2741.0,KZT,15
2024-08-14,Продукты питания,4310.0,KZT,15
2024-08-02,Развлечения,14072.0,KZT,15
2024-07-22,Продукты питания,13814.0,KZT,15
2024-06-23,Развлечения,42170.0,KZT,15
2024-08-14,Косметика и Парфюмерия,5491.0,KZT,15
2024-06-22,Медицина,49357.0,KZT,15
2024-08-14,Одежда и обувь,15259.0,KZT,15
2024-07-11,Развлечения,11249.0,KZT,15
2024-06-16,Одежда и обувь,7444.0,KZT,15
2024-07-02,Одежда и обувь,21701.0,KZT,16
2024-08-19,Кафе и рестораны,42966.0,KZT,16
2024-07-05,Кафе и рестораны,24641.0,KZT,16
2024-08-07,Развлечения,42588.0,KZT,16
2024-06-16,Одежда и обувь,29609.0,KZT,16
2024-08-11,Продукты питания,4793.0,KZT,16
2024-07-07,Развлечения,24070.0,KZT,16
2024-08-12,Продукты питания,4932.0,KZT,16
2024-06-20,Одежда и обувь,5295.0,KZT,16
2024-08-16,Одежда и обувь,33531.0,KZT,16
2024-07-13,Развлечения,8437.0,KZT,16
2024-08-06,Кафе и рестораны,14836.0,KZT,16
2024-07-31,Развлечения,33320.0,KZT,16
2024-08-17,Такси,14715.0,KZT,16
2024-08-10,Продукты питания,10457.0,KZT,16
2024-07-23,Такси,5014.0,KZT,16
2024-06-03,Такси,5983.0,KZT,16
2024-06-24,АЗС,16222.0,KZT,16
2024-07-05,Такси,12324.0,KZT,16
2024-08-27,Питомцы,6286.0,KZT,16
2024-07-02,Развлечения,23392.0,KZT,16
2024-08-07,Продукты питания,7237.0,KZT,16
2024-08-14,Продукты питания,10294.0,KZT,16
2024-06-18,Такси,10942.0,KZT,16
2024-08-20,Кафе и рестораны,30799.0,KZT,16
2024-06-06,Развлечения,30526.0,KZT,16
2024-07-08,Одежда и обувь,39213.0,KZT,16
2024-07-26,Развлечения,20137.0,KZT,16
2024-06-23,Такси,14512.0,KZT,16
2024-07-07,Кафе и рестораны,5815.0,KZT,16
2024-07-28,Такси,4295.0,KZT,16
2024-06-25,Питомцы,49072.0,KZT,16
2024-06-18,Продукты питания,7487.0,KZT,16
2024-06-22,Кафе и рестораны,27317.0,KZT,16
2024-06-27,Продукты питания,11216.0,KZT,16
2024-06-19,Продукты питания,12694.0,KZT,16
2024-08-27,Продукты питания,4421.0,KZT,16
2024-07-22,Кафе и рестораны,8876.0,KZT,16
2024-08-22,Одежда и обувь,32296.0,KZT,17
2024-08-31,Едим дома,41198.0,KZT,17
2024-07-30,Медицина,46067.0,KZT,17
2024-08-27,Продукты питания,10472.0,KZT,17
2024-06-07,Такси,10590.0,KZT,17
2024-06-16,Одежда и обувь,23961.0,KZT,17
2024-08-06,Одежда и обувь,37997.0,KZT,17
2024-06-08,Продукты питания,9539.0,KZT,17
2024-08-01,Развлечения,11104.0,KZT,17
2024-08-05,Продукты питания,5506.0,KZT,17
2024-07-21,Такси,13791.0,KZT,17
2024-07-01,Продукты питания,7872.0,KZT,17
2024-08-21,Медицина,8172.0,KZT,17
2024-06-13,Одежда и обувь,29985.0,KZT,17
2024-06-01,Продукты питания,2851.0,KZT,17
2024-08-29,Развлечения,19705.0,KZT,17
2024-06-21,Одежда и обувь,6283.0,KZT,17
2024-07-11,Продукты питания,7987.0,KZT,17
2024-07-28,Такси,5231.0,KZT,17
2024-07-27,Одежда и обувь,6614.0,KZT,17
2024-06-15,Медицина,31382.0,KZT,17
2024-08-26,Продукты питания,10852.0,KZT,17
2024-07-16,Одежда и обувь,41763.0,KZT,17
2024-08-16,Смотрим дома,26063.0,KZT,17
2024-07-11,Одежда и обувь,41164.0,KZT,17
2024-06-11,Продукты питания,10011.0,KZT,17
2024-07-08,Такси,4945.0,KZT,17
2024-08-07,Продукты питания,7351.0,KZT,18
2024-08-29,Такси,5368.0,KZT,18
2024-08-01,Одежда и обувь,35335.0,KZT,18
2024-06-06,Цветы,15898.0,KZT,18
2024-06-10,Продукты питания,13835.0,KZT,18
2024-07-17,Кино,8586.0,KZT,18
2024-06-27,Кафе и рестораны,39450.0,KZT,18
2024-08-03,Медицина,6697.0,KZT,18
2024-06-14,Продукты питания,7870.0,KZT,18
2024-08-04,Такси,9843.0,KZT,18
2024-06-23,Кафе и рестораны,26201.0,KZT,18
2024-06-12,Такси,8823.0,KZT,18
2024-08-18,Кафе и рестораны,41578.0,KZT,18
2024-06-29,Медицина,34729.0,KZT,18
2024-06-28,Кафе и рестораны,34663.0,KZT,18
2024-08-23,Едим дома,37470.0,KZT,18
2024-07-07,Медицина,40513.0,KZT,19
2024-08-29,Кино,1507.0,KZT,19
2024-07-28,Продукты питания,12649.0,KZT,19
2024-08-18,Развлечения,15001.0,KZT,19
2024-07-23,Медицина,7672.0,KZT,19
2024-06-09,Продукты питания,14937.0,KZT,19
2024-07-25,Путешествия,343.86,USD,19
2024-08-23,Одежда и обувь,22413.0,KZT,19
2024-07-27,Одежда и обувь,15488.0,KZT,19
2024-08-22,Медицина,5312.0,KZT,19
2024-07-01,Продукты питания,6157.0,KZT,19
2024-07-13,Одежда и обувь,41728.0,KZT,19
2024-07-25,Авто,31117.0,KZT,19
2024-06-06,Медицина,19653.0,KZT,19
2024-07-22,Питомцы,41676.0,KZT,19
2024-08-23,Продукты питания,12429.0,KZT,19
2024-07-09,Медицина,37818.0,KZT,19
2024-06-29,Ремонт дома,18511.0,KZT,19
2024-06-03,Ремонт дома,17496.0,KZT,19
2024-06-02,Продукты питания,8150.0,KZT,19
2024-08-12,Ремонт дома,15911.0,KZT,19
2024-08-12,АЗС,42553.0,KZT,19
2024-08-13,Ювелирные украшения,401703.0,KZT,19
2024-06-26,Цветы,40232.0,KZT,19
2024-06-18,Продукты питания,12659.0,KZT,19
2024-06-09,Кафе и рестораны,44640.0,KZT,19
2024-08-10,Смотрим дома,49452.0,KZT,19
2024-06-21,Ювелирные украшения,350717.0,KZT,19
2024-08-15,АЗС,33802.0,KZT,19
2024-07-27,Продукты питания,8961.0,KZT,19
2024-08-27,Ремонт дома,29036.0,KZT,19
2024-06-14,Ремонт дома,27822.0,KZT,19
2024-06-07,Продукты питания,14405.0,KZT,19
2024-06-11,Продукты питания,4200.0,KZT,19
2024-06-19,Одежда и обувь,41056.0,KZT,19
2024-06-10,Продукты питания,7695.0,KZT,19
2024-08-23,Медицина,39828.0,KZT,19
2024-08-30,Продукты питания,12674.0,KZT,19
2024-06-16,Продукты питания,1147.0,KZT,19
2024-06-30,Продукты питания,2255.0,KZT,19
2024-06-25,Медицина,13418.0,KZT,19
2024-07-21,АЗС,32369.0,KZT,19
2024-06-21,Ремонт дома,46320.0,KZT,19
2024-06-27,Путешествия,367642.0,KZT,20
2024-06-02,Отели,410655.0,KZT,20
2024-07-19,Авто,39197.0,KZT,20
2024-07-11,Авто,26579.0,KZT,20
2024-07-31,Путешествия,434939.0,KZT,20
2024-08-16,Кафе и рестораны,33990.0,KZT,20
2024-07-21,Такси,4943.0,KZT,20
2024-07-02,Играем дома,49529.0,KZT,20
2024-07-10,Косметика и Парфюмерия,37543.0,KZT,20
2024-08-21,Путешествия,506.33,EUR,20
2024-07-23,Ювелирные украшения,301657.0,KZT,20
2024-06-06,Отели,282625.0,KZT,20
2024-08-09,Отели,281.39,EUR,20
2024-07-07,Путешествия,1009.49,USD,20
2024-07-25,Кафе и рестораны,35290.0,KZT,20
2024-06-20,Кафе и рестораны,20331.0,KZT,20
2024-07-07,Кафе и рестораны,42553.0,KZT,20
2024-08-01,Отели,463213.0,KZT,20
2024-07-27,Кафе и рестораны,25034.0,KZT,20
2024-08-18,Кафе и рестораны,37534.0,KZT,20
2024-08-14,Путешествия,155561.0,KZT,20
2024-06-05,Авто,31146.0,KZT,20
2024-06-30,Ювелирные украшения,187187.0,KZT,20
2024-07-26,Кафе и рестораны,48457.0,KZT,20
2024-08-19,Путешествия,180.23,EUR,20
2024-06-20,Косметика и Парфюмерия,28715.0,KZT,20
2024-07-27,Ювелирные украшения,147020.0,KZT,20
2024-07-31,Кафе и рестораны,40439.0,KZT,20
2024-06-26,Ювелирные украшения,380483.0,KZT,20
2024-08-08,Ювелирные украшения,87106.0,KZT,20
2024-08-03,Косметика и Парфюмерия,26748.0,KZT,20
2024-07-21,Ювелирные украшения,327180.0,KZT,20
2024-08-28,Путешествия,399812.0,KZT,20
2024-08-07,Путешествия,317.65,EUR,20
2024-07-26,Путешествия,907.84,USD,20
2024-06-09,Кафе и рестораны,43439.0,KZT,20
2024-07-24,Ювелирные украшения,248194.0,KZT,20
2024-06-15,Кафе и рестораны,44242.0,KZT,20
2024-07-12,Такси,2003.0,KZT,20
2024-08-02,Авто,12296.0,KZT,20
2024-08-06,Авто,28814.0,KZT,20
2024-08-08,Кафе и рестораны,19004.0,KZT,20
2024-07-19,Кафе и рестораны,45813.0,KZT,20
2024-08-27,Путешествия,787.26,EUR,20
2024-08-09,Ювелирные украшения,406652.0,KZT,20
2024-08-15,Одежда и обувь,46985.0,KZT,20
2024-06-18,Кафе и рестораны,41502.0,KZT,20
2024-06-09,Косметика и Парфюмерия,6850.0,KZT,20
2024-07-05,Путешествия,223.84,EUR,20
2024-07-16,Отели,557.69,EUR,20
2024-08-24,Питомцы,21938.0,KZT,20
2024-06-16,Книги,12501.0,KZT,20
2024-07-24,Путешествия,266046.0,KZT,20
2024-08-20,Кафе и рестораны,47432.0,KZT,20
2024-06-29,Кафе и рестораны,44712.0,KZT,20
2024-07-24,Кафе и рестораны,46307.0,KZT,20
2024-07-04,Мебель,165301.0,KZT,20
2024-06-03,Кафе и рестораны,12082.0,KZT,20
2024-06-23,Одежда и обувь,22137.0,KZT,21
2024-06-05,Смотрим дома,22218.0,KZT,21
2024-08-31,Продукты питания,10748.0,KZT,21
2024-06-21,Продукты питания,14772.0,KZT,21
2024-08-30,Продукты питания,2525.0,KZT,21
2024-07-11,Одежда и обувь,26413.0,KZT,21
2024-07-20,Продукты питания,10949.0,KZT,21
2024-07-26,Медицина,5882.0,KZT,21
2024-07-02,АЗС,25325.0,KZT,21
2024-08-06,Ремонт дома,44169.0,KZT,21
2024-06-02,АЗС,31104.0,KZT,21
2024-06-07,Ремонт дома,22531.0,KZT,21
2024-06-27,Ремонт дома,6364.0,KZT,21
2024-08-27,АЗС,31038.0,KZT,21
2024-08-26,Косметика и Парфюмерия,35469.0,KZT,21
2024-07-13,Едим дома,20091.0,KZT,21
2024-08-26,Ремонт дома,49264.0,KZT,21
2024-08-20,АЗС,17626.0,KZT,21
2024-06-16,Медицина,39562.0,KZT,21
2024-06-08,Продукты питания,5516.0,KZT,21
2024-07-16,Продукты питания,4307.0,KZT,21
2024-07-12,Продукты питания,8507.0,KZT,21
2024-08-13,Спа и массаж,13941.0,KZT,21
2024-07-11,Продукты питания,2317.0,KZT,21
2024-07-14,Продукты питания,9386.0,KZT,21
2024-06-28,Кафе и рестораны,22675.0,KZT,21
2024-07-14,Продукты питания,4367.0,KZT,22
2024-08-31,Кафе и рестораны,35767.0,KZT,22
2024-08-17,Кафе и рестораны,12623.0,KZT,22
2024-07-17,Смотрим дома,42720.0,KZT,22
2024-07-22,Смотрим дома,36100.0,KZT,22
2024-06-21,Продукты питания,2337.0,KZT,22
2024-07-18,Продукты питания,14267.0,KZT,22
2024-06-14,Развлечения,41556.0,KZT,22
2024-07-20,Одежда и обувь,27551.0,KZT,22
2024-06-09,Кафе и рестораны,24057.0,KZT,22
2024-06-10,Развлечения,20492.0,KZT,22
2024-08-21,Развлечения,36660.0,KZT,22
2024-08-24,Такси,2236.0,KZT,22
2024-08-16,Спа и массаж,43845.0,KZT,22
2024-07-28,АЗС,45324.0,KZT,22
2024-07-17,Продукты питания,8700.0,KZT,22
2024-08-27,Путешествия,370208.0,KZT,22
2024-08-20,Цветы,14918.0,KZT,22
2024-06-07,Такси,12239.0,KZT,22
2024-08-20,Продукты питания,7647.0,KZT,23
2024-06-13,Продукты питания,4237.0,KZT,23
2024-06-30,Кафе и рестораны,35223.0,KZT,23
2024-07-03,Питомцы,7405.0,KZT,23
2024-07-19,Медицина,10420.0,KZT,23
2024-08-24,Продукты питания,4863.0,KZT,23
2024-08-17,Одежда и обувь,32942.0,KZT,23
2024-08-09,Медицина,43608.0,KZT,23
2024-07-04,Медицина,31774.0,KZT,23
2024-07-13,Продукты питания,4187.0,KZT,23
2024-06-24,Продукты питания,11967.0,KZT,23
2024-06-10,Медицина,19393.0,KZT,23
2024-06-17,Кино,10823.0,KZT,23
2024-06-23,Путешествия,194725.0,KZT,23
2024-07-06,Продукты питания,3074.0,KZT,23
2024-07-01,Продукты питания,5221.0,KZT,23
2024-06-29,Книги,10766.0,KZT,23
2024-08-10,Продукты питания,4079.0,KZT,23
2024-08-31,АЗС,36981.0,KZT,24
2024-06-08,Одежда и обувь,41044.0,KZT,24
2024-06-06,Смотрим дома,32963.0,KZT,24
2024-08-25,Медицина,47072.0,KZT,24
2024-06-26,Продукты питания,9684.0,KZT,24
2024-08-20,Продукты питания,4979.0,KZT,24
2024-07-10,Ремонт дома,25895.0,KZT,24
2024-06-06,Одежда и обувь,48828.0,KZT,24
2024-07-23,Медицина,32279.0,KZT,24
2024-07-21,Ремонт дома,38080.0,KZT,24
2024-08-15,Косметика и Парфюмерия,48625.0,KZT,24
2024-06-30,Ремонт дома,18882.0,KZT,24
2024-08-27,АЗС,49265.0,KZT,24
2024-07-06,Медицина,6336.0,KZT,24
2024-06-29,Продукты питания,4430.0,KZT,24
2024-06-30,АЗС,18806.0,KZT,24
2024-06-01,Играем дома,46652.0,KZT,24
2024-07-06,Продукты питания,13931.0,KZT,24
2024-07-29,Кафе и рестораны,30750.0,KZT,24
2024-06-12,Продукты питания,12576.0,KZT,24
2024-06-09,Медицина,48368.0,KZT,24
2024-07-25,Одежда и обувь,45849.0,KZT,24
2024-06-08,Медицина,11696.0,KZT,24
2024-07-01,АЗС,21510.0,KZT,24
2024-07-23,Развлечения,7821.0,KZT,24
2024-08-27,Продукты питания,3117.0,KZT,24
2024-06-08,Одежда и обувь,28513.0,KZT,24
2024-06-25,Ремонт дома,24420.0,KZT,24
2024-07-20,Продукты питания,7766.0,KZT,24
2024-06-07,Ремонт дома,47428.0,KZT,24
2024-08-28,Цветы,6191.0,KZT,24
2024-08-16,Одежда и обувь,35700.0,KZT,24
2024-07-23,Продукты питания,11019.0,KZT,24
2024-08-06,Медицина,24220.0,KZT,24
2024-06-14,Продукты питания,9355.0,KZT,24
2024-07-11,Медицина,24889.0,KZT,24
2024-08-26,Продукты питания,10072.0,KZT,24
2024-06-03,Продукты питания,8582.0,KZT,24
2024-07-08,АЗС,49726.0,KZT,25
2024-06-18,Продукты питания,2053.0,KZT,25
2024-06-18,Одежда и обувь,12270.0,KZT,25
2024-08-29,Ремонт дома,43882.0,KZT,25
2024-08-24,Книги,22734.0,KZT,25
2024-08-25,Одежда и обувь,30816.0,KZT,25
2024-08-28,Медицина,40729.0,KZT,25
2024-07-21,Ремонт дома,36480.0,KZT,25
2024-06-27,Медицина,12153.0,KZT,25
2024-08-19,АЗС,48593.0,KZT,25
2024-06-13,Одежда и обувь,14401.0,KZT,25
2024-07-18,Медицина,28989.0,KZT,25
2024-06-21,Продукты питания,8643.0,KZT,25
2024-07-29,АЗС,20376.0,KZT,25
2024-06-29,Продукты питания,6250.0,KZT,25
2024-06-02,АЗС,38890.0,KZT,25
2024-08-19,Продукты питания,1856.0,KZT,25
2024-06-27,Продукты питания,1076.0,KZT,25
2024-07-09,Ремонт дома,24884.0,KZT,25
2024-08-30,Продукты питания,3406.0,KZT,25
2024-06-11,Продукты питания,2211.0,KZT,25
2024-06-11,Ремонт дома,19195.0,KZT,25
2024-06-30,Ювелирные украшения,234682.0,KZT,25
2024-08-30,Продукты питания,7522.0,KZT,25
2024-08-22,АЗС,35920.0,KZT,25
2024-07-20,Медицина,9354.0,KZT,25
2024-08-20,Продукты питания,3717.0,KZT,25
2024-06-07,Продукты питания,7343.0,KZT,25
2024-06-16,Продукты питания,10657.0,KZT,25
2024-07-01,Медицина,41169.0,KZT,25
2024-06-21,Продукты питания,11907.0,KZT,25
2024-07-04,Ремонт дома,46308.0,KZT,25
2024-08-06,Кафе и рестораны,15363.0,KZT,25
2024-07-23,Одежда и обувь,15138.0,KZT,25
2024-06-10,Одежда и обувь,16790.0,KZT,25
2024-07-19,Продукты питания,9087.0,KZT,25
2024-08-30,Продукты питания,5507.0,KZT,25
2024-07-22,Продукты питания,7696.0,KZT,25
2024-06-14,Продукты питания,14495.0,KZT,25
2024-07-04,АЗС,20063.0,KZT,25
2024-06-01,АЗС,23837.0,KZT,25
2024-06-21,Ремонт дома,11158.0,KZT,25
2024-06-17,Такси,4418.0,KZT,26
2024-07-11,Продукты питания,4359.0,KZT,26
2024-06-16,Одежда и обувь,41441.0,KZT,26
2024-06-20,Продукты питания,13052.0,KZT,26
2024-07-09,Развлечения,9549.0,KZT,26
2024-06-05,Кафе и рестораны,5960.0,KZT,26
2024-08-29,Развлечения,38750.0,KZT,26
2024-06-04,Кафе и рестораны,48856.0,KZT,26
2024-07-11,Кафе и рестораны,9828.0,KZT,26
2024-08-09,Продукты питания,12663.0,KZT,26
2024-07-30,Продукты питания,13695.0,KZT,26
2024-07-08,Продукты питания,10501.0,KZT,26
2024-07-17,Такси,3951.0,KZT,26
2024-06-19,Кафе и рестораны,48265.0,KZT,26
2024-08-02,Книги,10797.0,KZT,26
2024-06-15,Продукты питания,14772.0,KZT,26
2024-06-25,Кафе и рестораны,32400.0,KZT,26
2024-08-23,Развлечения,15219.0,KZT,26
2024-06-13,Кафе и рестораны,40553.0,KZT,27
2024-08-11,Продукты питания,7511.0,KZT,27
2024-08-01,Продукты питания,6023.0,KZT,27
2024-08-30,Ремонт дома,7117.0,KZT,27
2024-07-10,Ремонт дома,7798.0,KZT,27
2024-07-07,Развлечения,46723.0,KZT,27
2024-07-16,Продукты питания,12700.0,KZT,27
2024-07-01,Отели,422060.0,KZT,27
2024-06-15,Медицина,14113.0,KZT,27
2024-06-13,Медицина,34494.0,KZT,27
2024-06-09,Мебель,315027.0,KZT,27
2024-07-26,АЗС,7924.0,KZT,27
2024-08-12,Продукты питания,13614.0,KZT,27
2024-08-14,Продукты питания,1228.0,KZT,27
2024-08-10,Продукты питания,4267.0,KZT,27
2024-06-01,Одежда и обувь,40929.0,KZT,27
2024-06-30,Кафе и рестораны,19347.0,KZT,27
2024-07-10,Продукты питания,8697.0,KZT,27
2024-06-09,Кафе и рестораны,8577.0,KZT,27
2024-06-24,Продукты питания,2637.0,KZT,27
2024-06-30,Продукты питания,9943.0,KZT,27
2024-08-26,Продукты питания,4425.0,KZT,27
2024-08-17,Ремонт дома,41409.0,KZT,27
2024-08-26,АЗС,42915.0,KZT,27
2024-08-05,Продукты питания,14885.0,KZT,27
2024-08-15,Ремонт дома,43919.0,KZT,27
2024-07-30,Продукты питания,11067.0,KZT,27
2024-06-10,Развлечения,49799.0,KZT,27
2024-07-17,Одежда и обувь,5558.0,KZT,27
2024-08-29,АЗС,40767.0,KZT,27
2024-07-11,Продукты питания,13495.0,KZT,27
2024-06-09,Продукты питания,13317.0,KZT,27
2024-07-20,Ремонт дома,38915.0,KZT,27
2024-08-01,АЗС,41449.0,KZT,27
2024-07-27,Продукты питания,1430.0,KZT,27
2024-07-26,Продукты питания,6296.0,KZT,27
2024-07-14,Медицина,47682.0,KZT,27
2024-08-14,Медицина,47410.0,KZT,27
2024-07-18,Кафе и рестораны,32699.0,KZT,27
2024-08-14,Медицина,28730.0,KZT,27
2024-06-28,Путешествия,295.38,EUR,27
2024-08-14,АЗС,10714.0,KZT,27
2024-07-19,АЗС,27303.0,KZT,27
2024-06-11,Медицина,14546.0,KZT,27
2024-08-10,Продукты питания,14848.0,KZT,27
2024-07-29,АЗС,39359.0,KZT,27
2024-06-16,Кафе и рестораны,30584.0,KZT,27
2024-06-19,АЗС,6119.0,KZT,27
2024-08-14,Продукты питания,13631.0,KZT,27
2024-08-01,АЗС,5774.0,KZT,27
2024-08-06,Одежда и обувь,43878.0,KZT,27
2024-06-11,Отели,252.24,USD,27
2024-06-09,Продукты питания,4255.0,KZT,27
2024-08-30,Одежда и обувь,27321.0,KZT,27
2024-07-07,АЗС,46956.0,KZT,27
2024-06-22,Подарки,5706.0,KZT,27
2024-08-26,АЗС,40036.0,KZT,27
2024-06-05,Продукты питания,5068.0,KZT,27
2024-08-12,Ремонт дома,10934.0,KZT,27
2024-06-13,Такси,10591.0,KZT,27
2024-08-28,Ремонт дома,16644.0,KZT,27
2024-06-10,Медицина,10121.0,KZT,27
2024-08-05,АЗС,39193.0,KZT,27
2024-06-25,Продукты питания,2040.0,KZT,27
2024-08-24,Продукты питания,1103.0,KZT,28
2024-08-09,АЗС,45619.0,KZT,28
2024-06-29,Продукты питания,10418.0,KZT,28
2024-08-26,Продукты питания,11565.0,KZT,28
2024-08-15,Одежда и обувь,21379.0,KZT,28
2024-08-21,Кино,13232.0,KZT,28
2024-06-13,Продукты питания,2598.0,KZT,28
2024-06-25,Косметика и Парфюмерия,28900.0,KZT,28
2024-08-18,Продукты питания,2535.0,KZT,28
2024-08-10,Медицина,48540.0,KZT,28
2024-06-14,Ремонт дома,47908.0,KZT,28
2024-06-01,АЗС,27248.0,KZT,28
2024-06-07,Продукты питания,8024.0,KZT,28
2024-08-29,Ремонт дома,36400.0,KZT,28
2024-08-13,Одежда и обувь,25189.0,KZT,28
2024-08-31,Ремонт дома,48629.0,KZT,28
2024-06-24,Одежда и обувь,49446.0,KZT,28
2024-06-19,Продукты питания,12646.0,KZT,28
2024-06-18,Продукты питания,13589.0,KZT,28
2024-08-10,Продукты питания,3484.0,KZT,28
2024-07-03,Одежда и обувь,29709.0,KZT,28
2024-06-22,Ремонт дома,18391.0,KZT,28
2024-06-18,Продукты питания,14010.0,KZT,28
2024-07-18,Ремонт дома,18028.0,KZT,28
2024-07-21,Продукты питания,6164.0,KZT,28
2024-07-28,АЗС,25384.0,KZT,28
2024-07-08,Одежда и обувь,26788.0,KZT,28
2024-06-17,АЗС,14462.0,KZT,28
2024-07-31,Продукты питания,6654.0,KZT,28
2024-08-07,Продукты питания,1261.0,KZT,28
2024-08-06,Продукты питания,13730.0,KZT,28
2024-08-31,Продукты питания,13717.0,KZT,28
2024-08-17,Продукты питания,6132.0,KZT,28
2024-06-22,АЗС,5439.0,KZT,28
2024-06-17,Ремонт дома,47193.0,KZT,28
2024-08-14,Продукты питания,14699.0,KZT,28
2024-08-06,Продукты питания,9115.0,KZT,28
2024-06-11,Мебель,207322.0,KZT,28
2024-08-08,Одежда и обувь,38641.0,KZT,28
2024-07-08,Продукты питания,9932.0,KZT,28
2024-07-07,АЗС,45053.0,KZT,28
2024-08-26,Мебель,228124.0,KZT,28
2024-07-22,Ремонт дома,43435.0,KZT,28
2024-07-06,Путешествия,490983.0,KZT,28
2024-06-15,Ремонт дома,12580.0,KZT,28
2024-08-02,Продукты питания,7868.0,KZT,28
2024-06-27,АЗС,23950.0,KZT,28
2024-08-31,Ремонт дома,38360.0,KZT,28
2024-08-06,Одежда и обувь,44826.0,KZT,28
2024-07-27,Продукты питания,3552.0,KZT,28
2024-07-07,Продукты питания,2192.0,KZT,28
2024-08-05,Продукты питания,10303.0,KZT,28
2024-07-18,Продукты питания,4786.0,KZT,28
2024-06-28,Продукты питания,2912.0,KZT,28
2024-06-13,Кафе и рестораны,16722.0,KZT,28
2024-06-07,АЗС,28288.0,KZT,28
2024-07-17,АЗС,37554.0,KZT,28
2024-07-22,Авто,10117.0,KZT,28
2024-06-16,Продукты питания,8165.0,KZT,28
2024-08-29,Ремонт дома,41813.0,KZT,28
2024-08-04,Одежда и обувь,41224.0,KZT,28
2024-08-24,Косметика и Парфюмерия,22465.0,KZT,28
2024-08-11,Продукты питания,7017.0,KZT,28
2024-07-27,АЗС,41399.0,KZT,28
2024-06-17,Едим дома,45779.0,KZT,29
2024-06-13,Медицина,5252.0,KZT,29
2024-06-19,Ремонт дома,20999.0,KZT,29
2024-08-25,Кино,6388.0,KZT,29
2024-08-12,Продукты питания,10772.0,KZT,29
2024-08-30,Продукты питания,9868.0,KZT,29
2024-08-10,Продукты питания,5454.0,KZT,29
2024-07-10,Медицина,8036.0,KZT,29
2024-07-24,Медицина,15688.0,KZT,29
2024-08-23,АЗС,22109.0,KZT,29
2024-08-26,Продукты питания,2712.0,KZT,29
2024-06-30,АЗС,37260.0,KZT,29
2024-07-19,АЗС,15352.0,KZT,29
2024-07-31,Медицина,9888.0,KZT,29
2024-07-14,Продукты питания,7432.0,KZT,29
2024-08-22,Продукты питания,10587.0,KZT,29
2024-06-18,АЗС,25728.0,KZT,29
2024-06-17,Продукты питания,13717.0,KZT,29
2024-08-19,Продукты питания,11416.0,KZT,29
2024-08-28,АЗС,35496.0,KZT,29
2024-06-13,Одежда и обувь,38729.0,KZT,29
2024-08-09,АЗС,34006.0,KZT,29
2024-06-07,Продукты питания,5891.0,KZT,29
2024-06-05,АЗС,30805.0,KZT,29
2024-08-28,Цветы,23792.0,KZT,29
2024-06-17,Продукты питания,8709.0,KZT,29
2024-08-15,Продукты питания,6080.0,KZT,29
2024-08-21,Кафе и рестораны,20072.0,KZT,29
2024-06-12,Медицина,37853.0,KZT,29
2024-06-07,Кафе и рестораны,44357.0,KZT,29
2024-07-29,Продукты питания,4803.0,KZT,29
2024-06-09,Продукты питания,9499.0,KZT,29
2024-08-28,АЗС,38832.0,KZT,29
2024-07-01,Одежда и обувь,5345.0,KZT,29
2024-08-20,Одежда и обувь,29607.0,KZT,29
2024-06-18,Одежда и обувь,36181.0,KZT,29
2024-07-07,Медицина,27733.0,KZT,29
2024-08-17,АЗС,37576.0,KZT,29
2024-06-18,Одежда и обувь,22057.0,KZT,29
2024-06-13,Одежда и обувь,8415.0,KZT,29
2024-07-17,Кафе и рестораны,41966.0,KZT,29
2024-07-16,Спорт,41043.0,KZT,29
2024-08-09,Медицина,24174.0,KZT,29
2024-08-12,Продукты питания,10843.0,KZT,29
2024-08-30,Ремонт дома,28094.0,KZT,29
2024-07-28,Медицина,41698.0,KZT,29
2024-08-19,Ремонт дома,40192.0,KZT,29
2024-08-25,Продукты питания,2135.0,KZT,29
2024-07-08,Продукты питания,10829.0,KZT,29
2024-08-21,Ремонт дома,29345.0,KZT,29
2024-07-28,АЗС,39924.0,KZT,29
2024-08-13,АЗС,16768.0,KZT,29
2024-08-31,Продукты питания,12147.0,KZT,29
2024-08-02,Продукты питания,12819.0,KZT,29
2024-08-27,Медицина,34470.0,KZT,29
2024-07-15,АЗС,14857.0,KZT,29
2024-08-26,Продукты питания,1239.0,KZT,29
2024-06-12,Продукты питания,5922.0,KZT,29
2024-07-11,Продукты питания,11957.0,KZT,29
2024-07-03,Продукты питания,4189.0,KZT,29
2024-06-13,Продукты питания,11214.0,KZT,29
2024-07-07,АЗС,28605.0,KZT,29
2024-07-30,Продукты питания,8187.0,KZT,29
2024-07-01,Медицина,49101.0,KZT,29
2024-07-26,Продукты питания,9266.0,KZT,29
2024-06-06,Продукты питания,3563.0,KZT,29
2024-08-14,Продукты питания,5507.0,KZT,29
2024-08-11,АЗС,23349.0,KZT,29
2024-08-11,АЗС,36175.0,KZT,29
2024-06-18,Медицина,7767.0,KZT,29
2024-06-10,Продукты питания,14822.0,KZT,29
2024-08-14,Косметика и Парфюмерия,48647.0,KZT,30
2024-08-11,Кафе и рестораны,34351.0,KZT,30
2024-06-13,Путешествия,268984.0,KZT,30
2024-08-07,Такси,3882.0,KZT,30
2024-08-03,Мебель,241025.0,KZT,30
2024-08-07,Путешествия,491.04,USD,30
2024-07-09,Отели,219852.0,KZT,30
2024-07-11,Авто,27192.0,KZT,30
2024-06-06,Авто,23868.0,KZT,30
2024-06-17,Путешествия,211646.0,KZT,30
2024-08-28,Путешествия,467.7,EUR,30
2024-08-05,Ювелирные украшения,375756.0,KZT,30
2024-06-25,Такси,12532.0,KZT,30
2024-08-07,Косметика и Парфюмерия,32225.0,KZT,30
2024-08-22,Такси,8302.0,KZT,30
2024-08-14,Путешествия,162320.0,KZT,30
2024-06-08,Авто,40318.0,KZT,30
2024-07-24,Путешествия,108964.0,KZT,30
2024-07-13,Авто,37394.0,KZT,30
2024-08-24,Питомцы,18389.0,KZT,30
2024-08-03,Кафе и рестораны,44033.0,KZT,30
2024-07-28,Кафе и рестораны,10009.0,KZT,30
2024-06-03,Кафе и рестораны,8592.0,KZT,30
2024-07-18,Ремонт дома,46144.0,KZT,30
2024-08-10,Питомцы,45090.0,KZT,30
2024-07-01,Кафе и рестораны,38838.0,KZT,30
2024-08-24,Кафе и рестораны,21192.0,KZT,30
2024-06-22,Косметика и Парфюмерия,19845.0,KZT,30
2024-08-17,Едим дома,45785.0,KZT,30
2024-06-10,Такси,5215.0,KZT,30
2024-08-25,Кафе и рестораны,34030.0,KZT,30
2024-08-10,Путешествия,1037.57,USD,30
2024-07-03,Такси,3887.0,KZT,30
2024-06-02,Кафе и рестораны,23743.0,KZT,30
2024-08-23,Косметика и Парфюмерия,33845.0,KZT,30
2024-07-26,Такси,10034.0,KZT,30
2024-07-11,Косметика и Парфюмерия,43687.0,KZT,30
2024-08-01,Кафе и рестораны,43485.0,KZT,30
2024-07-24,Путешествия,273673.0,KZT,30
2024-07-09,Кафе и рестораны,49070.0,KZT,30
2024-08-11,Косметика и Парфюмерия,46545.0,KZT,30
2024-06-01,Путешествия,433523.0,KZT,30
2024-06-26,Отели,112929.0,KZT,30
2024-06-13,Ювелирные украшения,435654.0,KZT,30
2024-06-19,Авто,49266.0,KZT,30
2024-08-25,Кафе и рестораны,5923.0,KZT,30
2024-08-18,Авто,8603.0,KZT,30
2024-06-27,Такси,14612.0,KZT,30
2024-07-06,Такси,3843.0,KZT,30
2024-08-18,Подарки,33629.0,KZT,30
2024-08-08,Такси,10055.0,KZT,30
2024-06-26,Авто,11005.0,KZT,30
2024-07-09,Путешествия,343604.0,KZT,30
2024-06-12,Продукты питания,11566.0,KZT,31
2024-06-09,Одежда и обувь,25229.0,KZT,31
2024-08-12,Продукты питания,9869.0,KZT,31
2024-08-13,Продукты питания,9073.0,KZT,31
2024-08-03,Медицина,39918.0,KZT,31
2024-08-30,Продукты питания,9345.0,KZT,31
2024-08-06,Одежда и обувь,32548.0,KZT,31
2024-06-28,Одежда и обувь,36267.0,KZT,31
2024-06-20,Путешествия,143716.0,KZT,31
2024-06-11,Кафе и рестораны,47820.0,KZT,31
2024-07-12,Медицина,33891.0,KZT,31
2024-08-26,Продукты питания,8353.0,KZT,31
2024-06-27,Продукты питания,7131.0,KZT,31
2024-08-08,Продукты питания,13961.0,KZT,31
2024-08-15,Продукты питания,6720.0,KZT,31
2024-06-22,Спорт,40936.0,KZT,31
2024-08-02,Продукты питания,7241.0,KZT,31
2024-07-29,Продукты питания,1316.0,KZT,31
2024-07-23,АЗС,32356.0,KZT,31
2024-07-19,Продукты питания,6223.0,KZT,31
2024-06-13,Продукты питания,6252.0,KZT,31
2024-06-09,Медицина,18017.0,KZT,31
2024-06-10,АЗС,33876.0,KZT,31
2024-06-18,АЗС,29240.0,KZT,31
2024-07-08,Продукты питания,9751.0,KZT,31
2024-06-29,Медицина,11461.0,KZT,31
2024-07-05,Медицина,24624.0,KZT,31
2024-06-22,Медицина,5316.0,KZT,31
2024-06-03,Продукты питания,1579.0,KZT,31
2024-08-18,Косметика и Парфюмерия,33940.0,KZT,31
2024-07-27,Продукты питания,6639.0,KZT,31
2024-08-30,Авто,19172.0,KZT,32
2024-08-10,Играем дома,34687.0,KZT,32
2024-07-15,Медицина,16486.0,KZT,32
2024-06-13,Продукты питания,14233.0,KZT,32
2024-06-11,Развлечения,29123.0,KZT,32
2024-06-02,Кафе и рестораны,7222.0,KZT,32
2024-06-13,Одежда и обувь,23398.0,KZT,32
2024-08-13,Такси,4876.0,KZT,32
2024-06-26,Продукты питания,6257.0,KZT,32
2024-08-17,Подарки,28388.0,KZT,32
2024-06-25,Развлечения,21285.0,KZT,32
2024-08-22,Играем дома,6708.0,KZT,32
2024-07-22,Ремонт дома,47724.0,KZT,32
2024-07-13,Косметика и Парфюмерия,25451.0,KZT,32
2024-07-16,Продукты питания,5075.0,KZT,32
2024-08-31,Такси,9113.0,KZT,32
2024-07-21,Продукты питания,1456.0,KZT,32
2024-06-25,Авто,41101.0,KZT,32
2024-06-01,Такси,12219.0,KZT,32
2024-06-01,Продукты питания,9416.0,KZT,32
2024-08-10,Развлечения,20885.0,KZT,32
2024-06-13,Продукты питания,3954.0,KZT,33
2024-07-27,Медицина,45445.0,KZT,33
2024-08-12,Продукты питания,12617.0,KZT,33
2024-08-08,Кафе и рестораны,18540.0,KZT,33
2024-08-11,Одежда и обувь,42448.0,KZT,33
2024-06-28,Продукты питания,4167.0,KZT,33
2024-06-01,Медицина,27640.0,KZT,33
2024-08-20,Продукты питания,6669.0,KZT,33
2024-07-19,Медицина,12708.0,KZT,33
2024-07-15,Продукты питания,5646.0,KZT,33
2024-06-30,Кафе и рестораны,5869.0,KZT,33
2024-06-08,Книги,6760.0,KZT,33
2024-08-06,Продукты питания,9936.0,KZT,33
2024-06-16,АЗС,10890.0,KZT,33
2024-08-01,Кафе и рестораны,44900.0,KZT,34
2024-06-12,Кафе и рестораны,25074.0,KZT,34
2024-06-24,Отели,683.2,USD,34
2024-08-02,Авто,23223.0,KZT,34
2024-08-23,Ювелирные украшения,481107.0,KZT,34
2024-07-11,Косметика и Парфюмерия,32463.0,KZT,34
2024-08-12,Косметика и Парфюмерия,27533.0,KZT,34
2024-06-28,Развлечения,36420.0,KZT,34
2024-07-22,Такси,1387.0,KZT,34
2024-08-06,Такси,3206.0,KZT,34
2024-08-18,Ювелирные украшения,438165.0,KZT,34
2024-07-23,Отели,221771.0,KZT,34
2024-08-17,Ювелирные украшения,235344.0,KZT,34
2024-07-12,Путешествия,602.52,EUR,34
2024-06-18,Такси,8541.0,KZT,34
2024-07-26,Авто,11250.0,KZT,34
2024-08-02,Ювелирные украшения,479883.0,KZT,34
2024-06-30,Такси,9740.0,KZT,34
2024-08-15,Цветы,23572.0,KZT,34
2024-07-23,Авто,8840.0,KZT,34
2024-08-24,Авто,20601.0,KZT,34
2024-07-09,Развлечения,31859.0,KZT,34
2024-06-28,Путешествия,398580.0,KZT,34
2024-06-19,Кафе и рестораны,7827.0,KZT,34
2024-08-21,Ювелирные украшения,368054.0,KZT,34
2024-08-26,Путешествия,274108.0,KZT,34
2024-08-11,Авто,46243.0,KZT,34
2024-08-18,Косметика и Парфюмерия,18816.0,KZT,34
2024-08-30,Путешествия,52901.0,KZT,34
2024-07-11,Путешествия,478099.0,KZT,34
2024-08-20,Отели,226317.0,KZT,34
2024-07-12,Отели,593.86,USD,34
2024-07-02,Кафе и рестораны,10610.0,KZT,34
2024-08-17,Косметика и Парфюмерия,23531.0,KZT,34
2024-06-26,Путешествия,466697.0,KZT,34
2024-07-06,Такси,4654.0,KZT,34
2024-08-10,Путешествия,87930.0,KZT,34
2024-06-12,Кафе и рестораны,24103.0,KZT,34
2024-08-04,Авто,18129.0,KZT,34
2024-07-21,Путешествия,268512.0,KZT,34
2024-07-24,Кафе и рестораны,17729.0,KZT,34
2024-06-26,Авто,11330.0,KZT,34
2024-06-16,Отели,1000.51,USD,34
2024-07-28,Косметика и Парфюмерия,7473.0,KZT,34
2024-07-06,Путешествия,248749.0,KZT,34
2024-06-09,Отели,448366.0,KZT,34
2024-06-26,Кафе и рестораны,13912.0,KZT,34
2024-08-21,Играем дома,38063.0,KZT,34
2024-07-02,Путешествия,402016.0,KZT,34
2024-08-22,Авто,28164.0,KZT,34
2024-07-26,Путешествия,328278.0,KZT,34
2024-08-28,Путешествия,402123.0,KZT,34
2024-06-11,Кафе и рестораны,47875.0,KZT,34
2024-07-10,Кафе и рестораны,44558.0,KZT,34
2024-08-04,Путешествия,256693.0,KZT,34
2024-08-05,Кино,13992.0,KZT,34
2024-07-20,Ремонт дома,42493.0,KZT,34
2024-06-25,Кафе и рестораны,24303.0,KZT,34
2024-06-16,Кафе и рестораны,27373.0,KZT,34
2024-07-31,Авто,33213.0,KZT,34
2024-06-29,Кафе и рестораны,9980.0,KZT,34
2024-07-27,Косметика и Парфюмерия,18123.0,KZT,34
2024-08-14,Такси,12362.0,KZT,34
2024-07-07,Медицина,40460.0,KZT,35
2024-06-17,Такси,1200.0,KZT,35
2024-08-31,Смотрим дома,35770.0,KZT,35
2024-07-18,Развлечения,41018.0,KZT,35
2024-08-27,Одежда и обувь,23759.0,KZT,35
2024-06-19,Мебель,121773.0,KZT,35
2024-07-07,Одежда и обувь,5524.0,KZT,35
2024-07-18,Продукты питания,7311.0,KZT,35
2024-06-29,Смотрим дома,11579.0,KZT,35
2024-06-08,Ювелирные украшения,321135.0,KZT,35
2024-08-04,Подарки,22278.0,KZT,35
2024-07-02,Продукты питания,10283.0,KZT,35
2024-06-05,Кафе и рестораны,24123.0,KZT,35
2024-06-20,Продукты питания,9853.0,KZT,35
2024-06-16,Медицина,8919.0,KZT,35
2024-08-21,Продукты питания,10299.0,KZT,35
2024-06-09,Спорт,40958.0,KZT,35
2024-06-17,Продукты питания,9019.0,KZT,35
2024-07-11,Одежда и обувь,22248.0,KZT,35
2024-06-26,Такси,11271.0,KZT,35
2024-08-04,Одежда и обувь,8097.0,KZT,35
2024-06-16,Кафе и рестораны,43055.0,KZT,35
2024-06-15,Одежда и обувь,46935.0,KZT,35
2024-08-22,Продукты питания,3930.0,KZT,35
2024-08-01,Продукты питания,14592.0,KZT,35
2024-07-11,Кафе и рестораны,5203.0,KZT,35
2024-06-02,Развлечения,33919.0,KZT,35
2024-07-21,Медицина,46025.0,KZT,35
2024-06-01,Одежда и обувь,5618.0,KZT,35
2024-08-17,Одежда и обувь,9199.0,KZT,35
2024-06-19,Продукты питания,7954.0,KZT,36
2024-06-02,Одежда и обувь,8727.0,KZT,36
2024-07-05,Ювелирные украшения,455711.0,KZT,36
2024-06-03,Такси,12900.0,KZT,36
2024-08-18,Продукты питания,13754.0,KZT,36
2024-06-20,Медицина,18759.0,KZT,36
2024-06-27,Такси,12067.0,KZT,36
2024-06-07,Кафе и рестораны,29693.0,KZT,36
2024-08-05,Кафе и рестораны,35914.0,KZT,36
2024-06-12,Косметика и Парфюмерия,33015.0,KZT,36
2024-07-13,Одежда и обувь,25722.0,KZT,36
2024-08-07,Развлечения,31291.0,KZT,36
2024-06-13,Кафе и рестораны,7038.0,KZT,36
2024-08-04,Кафе и рестораны,19860.0,KZT,36
2024-06-25,Одежда и обувь,37243.0,KZT,36
2024-07-04,Мебель,498069.0,KZT,36
2024-08-13,Одежда и обувь,40057.0,KZT,36
2024-08-15,Одежда и обувь,35500.0,KZT,36
2024-06-28,Кафе и рестораны,13366.0,KZT,37
2024-08-04,Одежда и обувь,26833.0,KZT,37
2024-08-26,Медицина,34616.0,KZT,37
2024-06-12,АЗС,32613.0,KZT,37
2024-07-01,Одежда и обувь,46117.0,KZT,37
2024-06-16,Одежда и обувь,45968.0,KZT,37
2024-08-23,Спорт,49980.0,KZT,37
2024-07-03,Продукты питания,3594.0,KZT,37
2024-06-19,Косметика и Парфюмерия,23041.0,KZT,37
2024-07-26,Продукты питания,5664.0,KZT,37
2024-08-09,Продукты питания,10854.0,KZT,37
2024-08-11,Продукты питания,10143.0,KZT,37
2024-08-12,Ремонт дома,43060.0,KZT,37
2024-08-26,Продукты питания,5619.0,KZT,37
2024-08-11,Одежда и обувь,23663.0,KZT,37
2024-07-23,АЗС,28635.0,KZT,37
2024-08-26,Одежда и обувь,40588.0,KZT,37
2024-07-02,АЗС,28983.0,KZT,37
2024-07-30,Продукты питания,7633.0,KZT,37
2024-08-05,АЗС,44464.0,KZT,37
2024-07-12,Одежда и обувь,23201.0,KZT,37
2024-08-24,Продукты питания,5044.0,KZT,37
2024-06-05,Продукты питания,8296.0,KZT,37
2024-06-29,Продукты питания,1071.0,KZT,37
2024-07-15,Медицина,39592.0,KZT,37
2024-07-04,Кафе и рестораны,48140.0,KZT,37
2024-07-05,Кафе и рестораны,35854.0,KZT,37
2024-07-16,Продукты питания,13671.0,KZT,38
2024-07-11,Такси,11831.0,KZT,38
2024-06-21,Спа и массаж,48014.0,KZT,38
2024-08-10,Авто,13241.0,KZT,38
2024-07-17,Продукты питания,12472.0,KZT,38
2024-07-11,Медицина,33926.0,KZT,38
2024-08-12,Кафе и рестораны,32275.0,KZT,38
2024-07-29,Медицина,40327.0,KZT,38
2024-06-29,Одежда и обувь,43325.0,KZT,38
2024-07-14,Одежда и обувь,5259.0,KZT,38
2024-07-05,Одежда и обувь,39417.0,KZT,38
2024-06-21,Продукты питания,7186.0,KZT,38
2024-07-10,Мебель,391327.0,KZT,38
2024-08-31,Такси,4730.0,KZT,39
2024-07-05,Путешествия,467.63,EUR,39
2024-08-04,Путешествия,604.18,EUR,39
2024-06-30,Такси,7194.0,KZT,39
2024-07-13,Косметика и Парфюмерия,16379.0,KZT,39
2024-07-20,Такси,8162.0,KZT,39
2024-07-08,Кафе и рестораны,35876.0,KZT,39
2024-07-23,Путешествия,474871.0,KZT,39
2024-08-04,Такси,5937.0,KZT,39
2024-07-03,Такси,14148.0,KZT,39
2024-08-22,Ювелирные украшения,323566.0,KZT,39
2024-07-30,Цветы,16689.0,KZT,39
2024-07-13,Одежда и обувь,14423.0,KZT,39
2024-07-27,Ювелирные украшения,327022.0,KZT,39
2024-06-27,Авто,21849.0,KZT,39
2024-06-27,Авто,23998.0,KZT,39
2024-06-21,Путешествия,254445.0,KZT,39
2024-07-24,Такси,5836.0,KZT,39
2024-08-22,Путешествия,957.12,USD,39
2024-06-15,Косметика и Парфюмерия,49743.0,KZT,39
2024-06-13,АЗС,41419.0,KZT,40
2024-07-20,АЗС,26457.0,KZT,40
2024-06-19,Кафе и рестораны,37898.0,KZT,40
2024-06-26,Продукты питания,13871.0,KZT,40
2024-07-11,Развлечения,36837.0,KZT,40
2024-06-14,Ремонт дома,30494.0,KZT,40
2024-07-12,Продукты питания,1073.0,KZT,40
2024-08-14,Мебель,222943.0,KZT,40
2024-06-08,Медицина,20155.0,KZT,40
2024-08-16,Одежда и обувь,17724.0,KZT,40
2024-08-20,Продукты питания,5008.0,KZT,40
2024-07-30,Одежда и обувь,25487.0,KZT,40
2024-08-06,Продукты питания,5562.0,KZT,40
2024-06-04,Ремонт дома,20317.0,KZT,40
2024-07-22,Продукты питания,3748.0,KZT,40
2024-07-08,АЗС,25730.0,KZT,40
2024-07-31,Продукты питания,7664.0,KZT,40
2024-07-05,Продукты питания,7021.0,KZT,40
2024-06-12,Продукты питания,12775.0,KZT,40
2024-08-14,Такси,6084.0,KZT,40
2024-06-15,Одежда и обувь,46830.0,KZT,40
2024-06-14,Ремонт дома,40961.0,KZT,40
2024-08-14,Ремонт дома,12602.0,KZT,40
2024-06-18,Авто,21154.0,KZT,40
2024-07-23,Медицина,30393.0,KZT,40
2024-06-21,Ремонт дома,33289.0,KZT,40
2024-08-01,Продукты питания,5066.0,KZT,40
2024-07-30,Медицина,15084.0,KZT,40
2024-06-05,Продукты питания,3756.0,KZT,40
2024-07-12,Медицина,16696.0,KZT,40
2024-08-31,Продукты питания,5565.0,KZT,40
2024-08-06,Продукты питания,1464.0,KZT,40
2024-08-26,Продукты питания,4764.0,KZT,40
2024-08-09,Продукты питания,3150.0,KZT,40
2024-07-11,Продукты питания,3245.0,KZT,40
2024-06-18,Ремонт дома,38309.0,KZT,40
2024-06-03,Одежда и обувь,39693.0,KZT,40
2024-08-05,Продукты питания,8699.0,KZT,40
2024-07-19,Продукты питания,8573.0,KZT,40
2024-06-19,Продукты питания,12749.0,KZT,40
2024-07-02,Продукты питания,5938.0,KZT,40
2024-06-13,Продукты питания,7555.0,KZT,40
2024-06-09,АЗС,27465.0,KZT,40
2024-06-23,Цветы,22919.0,KZT,40
2024-06-22,Медицина,27471.0,KZT,40
2024-07-14,Кафе и рестораны,35698.0,KZT,40
2024-08-04,Медицина,48388.0,KZT,40
2024-07-08,Одежда и обувь,19860.0,KZT,41
2024-06-18,Продукты питания,1201.0,KZT,41
2024-08-14,Одежда и обувь,32431.0,KZT,41
2024-06-19,Медицина,9153.0,KZT,41
2024-06-28,Одежда и обувь,19657.0,KZT,41
2024-08-30,Кафе и рестораны,15250.0,KZT,41
2024-08-23,Одежда и обувь,7134.0,KZT,41
2024-07-07,Такси,6609.0,KZT,41
2024-07-04,Развлечения,15282.0,KZT,41
2024-08-30,Продукты питания,6993.0,KZT,41
2024-07-17,Одежда и обувь,45476.0,KZT,41
2024-07-30,Одежда и обувь,17466.0,KZT,41
2024-07-26,Кафе и рестораны,37168.0,KZT,41
2024-08-13,Одежда и обувь,48470.0,KZT,41
2024-07-09,Одежда и обувь,11190.0,KZT,41
2024-08-14,Продукты питания,1966.0,KZT,41
2024-08-03,Продукты питания,12822.0,KZT,41
2024-08-23,Кафе и рестораны,8242.0,KZT,41
2024-06-18,Едим дома,9805.0,KZT,42
2024-07-12,Ремонт дома,40324.0,KZT,42
2024-08-15,Кино,10206.0,KZT,42
2024-07-14,Кафе и рестораны,16297.0,KZT,42
2024-06-07,Продукты питания,6884.0,KZT,42
2024-08-05,Смотрим дома,44115.0,KZT,42
2024-08-23,Путешествия,57645.0,KZT,42
2024-07-03,Ремонт дома,16843.0,KZT,42
2024-07-11,АЗС,13923.0,KZT,42
2024-08-15,Продукты питания,9710.0,KZT,42
2024-07-11,Одежда и обувь,49948.0,KZT,42
2024-08-28,Медицина,18666.0,KZT,42
2024-07-25,Ремонт дома,41894.0,KZT,42
2024-06-08,АЗС,47210.0,KZT,42
2024-08-19,АЗС,25604.0,KZT,42
2024-08-09,АЗС,21025.0,KZT,42
2024-06-03,Продукты питания,12206.0,KZT,42
2024-08-01,АЗС,9906.0,KZT,42
2024-07-13,Авто,49880.0,KZT,42
2024-06-05,Ремонт дома,44271.0,KZT,42
2024-08-02,Продукты питания,12435.0,KZT,42
2024-06-14,Отели,376979.0,KZT,42
2024-06-03,Медицина,37008.0,KZT,42
2024-08-29,Продукты питания,7764.0,KZT,42
2024-07-08,Играем дома,30193.0,KZT,42
2024-06-11,Продукты питания,8151.0,KZT,42
2024-08-10,Медицина,34763.0,KZT,42
2024-06-18,Продукты питания,9049.0,KZT,42
2024-08-19,Одежда и обувь,16936.0,KZT,42
2024-08-16,Мебель,486864.0,KZT,42
2024-06-08,Одежда и обувь,11162.0,KZT,42
2024-08-25,АЗС,5685.0,KZT,42
2024-08-07,Медицина,22313.0,KZT,42
2024-07-20,Кафе и рестораны,46174.0,KZT,42
2024-07-03,Мебель,73943.0,KZT,42
2024-06-05,Одежда и обувь,21979.0,KZT,42
2024-07-29,Едим дома,33643.0,KZT,42
2024-06-15,АЗС,6555.0,KZT,42
2024-08-03,Одежда и обувь,7453.0,KZT,42
2024-08-28,Продукты питания,6889.0,KZT,42
2024-08-12,АЗС,15229.0,KZT,42
2024-08-31,Одежда и обувь,39076.0,KZT,42
2024-08-06,Медицина,43638.0,KZT,42
2024-06-16,Продукты питания,2559.0,KZT,42
2024-08-12,АЗС,22537.0,KZT,42
2024-07-13,Продукты питания,9316.0,KZT,42
2024-07-26,Медицина,38323.0,KZT,42
2024-08-07,Спа и массаж,39798.0,KZT,42
2024-08-08,Продукты питания,11234.0,KZT,42
2024-07-20,Продукты питания,12769.0,KZT,42
2024-07-22,Медицина,14251.0,KZT,42
2024-08-08,Одежда и обувь,38922.0,KZT,42
2024-07-29,Продукты питания,8427.0,KZT,42
2024-08-11,Медицина,19522.0,KZT,42
2024-07-05,Продукты питания,7325.0,KZT,42
2024-08-16,Ремонт дома,29690.0,KZT,42
2024-06-14,Продукты питания,13312.0,KZT,42
2024-07-05,АЗС,22848.0,KZT,42
2024-06-13,Продукты питания,13742.0,KZT,42
2024-06-19,АЗС,13797.0,KZT,42
2024-07-22,Подарки,26620.0,KZT,42
2024-08-12,АЗС,19530.0,KZT,42
2024-08-11,АЗС,34639.0,KZT,42
2024-07-16,Продукты питания,1596.0,KZT,42
2024-06-29,Продукты питания,4098.0,KZT,42
2024-08-10,Одежда и обувь,41050.0,KZT,43
2024-08-28,Кафе и рестораны,43942.0,KZT,43
2024-07-17,Продукты питания,13544.0,KZT,43
2024-06-18,Подарки,7333.0,KZT,43
2024-07-26,Спа и массаж,8664.0,KZT,43
2024-06-22,Медицина,19303.0,KZT,43
2024-06-08,Продукты питания,4085.0,KZT,43
2024-08-03,Одежда и обувь,25816.0,KZT,43
2024-08-12,Развлечения,35190.0,KZT,43
2024-08-22,Продукты питания,5096.0,KZT,43
2024-06-30,Спа и массаж,10599.0,KZT,43
2024-07-07,Спорт,38365.0,KZT,43
2024-08-07,Одежда и обувь,23459.0,KZT,43
2024-06-30,Едим дома,41226.0,KZT,43
2024-06-18,Продукты питания,8597.0,KZT,43
2024-07-18,Мебель,155800.0,KZT,43
2024-08-09,Продукты питания,11484.0,KZT,43
2024-06-19,Продукты питания,5408.0,KZT,43
2024-08-30,Продукты питания,1074.0,KZT,43
2024-06-02,Одежда и обувь,35830.0,KZT,43
2024-06-30,Такси,7740.0,KZT,43
2024-06-03,Кафе и рестораны,9766.0,KZT,43
2024-06-03,Развлечения,24867.0,KZT,43
2024-08-06,Такси,6610.0,KZT,43
2024-08-21,Одежда и обувь,43515.0,KZT,43
2024-08-29,Продукты питания,3421.0,KZT,43
2024-07-09,Мебель,100431.0,KZT,43
2024-06-07,Одежда и обувь,26083.0,KZT,43
2024-08-31,Кафе и рестораны,17245.0,KZT,43
2024-08-12,Кафе и рестораны,44222.0,KZT,43
2024-08-05,Кафе и рестораны,48698.0,KZT,43
2024-08-31,Кафе и рестораны,49941.0,KZT,43
2024-06-14,Развлечения,41167.0,KZT,43
2024-07-20,Кафе и рестораны,12210.0,KZT,44
2024-08-18,Медицина,47508.0,KZT,44
2024-06-06,Продукты питания,6357.0,KZT,44
2024-08-24,Кафе и рестораны,25620.0,KZT,44
2024-06-15,Такси,12766.0,KZT,44
2024-07-22,Кафе и рестораны,37814.0,KZT,44
2024-06-18,Продукты питания,6832.0,KZT,44
2024-07-06,Медицина,24424.0,KZT,44
2024-08-08,Продукты питания,2990.0,KZT,44
2024-06-23,Продукты питания,5714.0,KZT,44
2024-06-09,Продукты питания,8346.0,KZT,44
2024-07-31,Продукты питания,6727.0,KZT,44
2024-08-08,Продукты питания,4043.0,KZT,44
2024-08-20,Продукты питания,6093.0,KZT,44
2024-07-31,Продукты питания,3329.0,KZT,44
2024-06-05,Ремонт дома,33291.0,KZT,44
2024-06-09,Такси,7059.0,KZT,44
2024-08-16,Спорт,35719.0,KZT,44
2024-08-13,Медицина,7660.0,KZT,44
2024-07-06,Одежда и обувь,14435.0,KZT,44
2024-08-23,Одежда и обувь,31957.0,KZT,44
2024-06-24,Медицина,25486.0,KZT,44
2024-08-10,Продукты питания,5851.0,KZT,44
2024-08-18,Продукты питания,4963.0,KZT,44
2024-06-28,Продукты питания,4279.0,KZT,44
2024-07-14,Цветы,39669.0,KZT,44
2024-08-17,Одежда и обувь,37589.0,KZT,44
2024-08-17,Такси,4998.0,KZT,44
2024-06-18,Одежда и обувь,21867.0,KZT,44
2024-06-16,Кафе и рестораны,26049.0,KZT,44
2024-06-21,Одежда и обувь,14098.0,KZT,44
2024-08-04,Кафе и рестораны,9576.0,KZT,44
2024-08-13,Медицина,9076.0,KZT,44
2024-07-22,Продукты питания,8280.0,KZT,44
2024-07-23,Спа и массаж,39188.0,KZT,44
2024-08-15,Развлечения,25083.0,KZT,44
2024-07-19,Ремонт дома,45071.0,KZT,45
2024-07-18,Медицина,33327.0,KZT,45
2024-06-29,Продукты питания,11819.0,KZT,45
2024-06-29,Книги,9788.0,KZT,45
2024-07-13,Кафе и рестораны,28994.0,KZT,45
2024-07-31,Продукты питания,7529.0,KZT,45
2024-07-19,АЗС,20311.0,KZT,45
2024-06-14,Играем дома,30034.0,KZT,45
2024-08-17,АЗС,42146.0,KZT,45
2024-08-18,Играем дома,44872.0,KZT,45
2024-07-18,Продукты питания,2844.0,KZT,45
2024-08-04,Ремонт дома,24175.0,KZT,45
2024-07-28,Кафе и рестораны,33949.0,KZT,45
2024-07-13,Ремонт дома,42628.0,KZT,45
2024-08-30,АЗС,49330.0,KZT,45
2024-07-10,Продукты питания,11334.0,KZT,45
2024-08-23,Продукты питания,7020.0,KZT,45
2024-08-30,АЗС,25216.0,KZT,45
2024-08-24,Продукты питания,14130.0,KZT,45
2024-06-24,Продукты питания,9024.0,KZT,45
2024-08-27,Продукты питания,4962.0,KZT,45
2024-07-22,Продукты питания,1585.0,KZT,45
2024-07-13,Едим дома,46733.0,KZT,45
2024-07-23,Продукты питания,12633.0,KZT,45
2024-08-02,Продукты питания,7076.0,KZT,45
2024-07-27,АЗС,42823.0,KZT,45
2024-08-31,Продукты питания,1026.0,KZT,45
2024-08-23,Ремонт дома,20668.0,KZT,45
2024-07-18,АЗС,16883.0,KZT,45
2024-07-26,Одежда и обувь,13842.0,KZT,45
2024-06-22,АЗС,43895.0,KZT,45
2024-07-31,Ремонт дома,10558.0,KZT,45
2024-07-21,АЗС,26756.0,KZT,45
2024-07-11,Книги,48623.0,KZT,45
2024-06-14,Медицина,6492.0,KZT,45
2024-07-19,Продукты питания,1329.0,KZT,45
2024-08-24,Одежда и обувь,36903.0,KZT,45
2024-08-13,Одежда и обувь,25360.0,KZT,45
2024-08-31,Путешествия,949.6,EUR,46
2024-08-13,Ремонт дома,7359.0,KZT,46
2024-07-21,Продукты питания,13265.0,KZT,46
2024-07-15,Ремонт дома,24918.0,KZT,46
2024-06-16,Продукты питания,9465.0,KZT,46
2024-06-05,Питомцы,6353.0,KZT,46
2024-07-05,Кафе и рестораны,10373.0,KZT,46
2024-08-27,Медицина,9042.0,KZT,46
2024-08-24,Продукты питания,11832.0,KZT,46
2024-08-15,АЗС,6247.0,KZT,46
2024-08-05,Продукты питания,13532.0,KZT,46
2024-07-27,Продукты питания,7508.0,KZT,46
2024-07-25,АЗС,36703.0,KZT,46
2024-07-24,АЗС,15149.0,KZT,46
2024-06-12,Продукты питания,8461.0,KZT,46
2024-06-14,Книги,40133.0,KZT,46
2024-06-16,Медицина,9322.0,KZT,46
2024-06-01,Кафе и рестораны,20618.0,KZT,46
2024-08-08,Книги,12162.0,KZT,46
2024-08-20,АЗС,5240.0,KZT,46
2024-07-25,Ремонт дома,10359.0,KZT,46
2024-07-02,АЗС,12471.0,KZT,46
2024-06-15,Продукты питания,1828.0,KZT,46
2024-08-13,Одежда и обувь,35028.0,KZT,46
2024-07-21,Продукты питания,7215.0,KZT,46
2024-06-25,Одежда и обувь,17893.0,KZT,46
2024-07-16,Продукты питания,4903.0,KZT,46
2024-07-25,АЗС,33553.0,KZT,46
2024-06-24,Продукты питания,2066.0,KZT,46
2024-08-17,Продукты питания,6332.0,KZT,46
2024-08-02,Ремонт дома,41533.0,KZT,46
2024-06-13,Одежда и обувь,9183.0,KZT,46
2024-07-24,Продукты питания,4006.0,KZT,46
2024-06-16,Продукты питания,12031.0,KZT,46
2024-08-02,АЗС,33319.0,KZT,46
2024-08-14,Одежда и обувь,7610.0,KZT,46
2024-06-25,Путешествия,215048.0,KZT,46
2024-06-06,Продукты питания,4742.0,KZT,46
2024-07-22,АЗС,46532.0,KZT,46
2024-06-08,Ремонт дома,27859.0,KZT,46
2024-07-25,Ювелирные украшения,227573.0,KZT,46
2024-06-21,Продукты питания,6337.0,KZT,46
2024-08-10,Продукты питания,12695.0,KZT,46
2024-08-01,Кафе и рестораны,25811.0,KZT,46
2024-08-02,Продукты питания,12762.0,KZT,46
2024-07-13,Ремонт дома,36245.0,KZT,46
2024-07-28,Ремонт дома,7194.0,KZT,46
2024-08-07,Ремонт дома,13167.0,KZT,46
2024-08-27,АЗС,39741.0,KZT,46
2024-06-21,Продукты питания,1804.0,KZT,46
2024-08-16,АЗС,48761.0,KZT,46
2024-08-31,Продукты питания,5425.0,KZT,46
2024-08-06,Медицина,31824.0,KZT,46
2024-07-19,Продукты питания,13665.0,KZT,46
2024-08-18,АЗС,5541.0,KZT,46
2024-08-23,Ювелирные украшения,246787.0,KZT,46
2024-07-24,Продукты питания,7531.0,KZT,46
2024-07-22,Продукты питания,8413.0,KZT,46
2024-06-27,Продукты питания,9631.0,KZT,46
2024-06-02,АЗС,12545.0,KZT,46
2024-08-03,Продукты питания,14083.0,KZT,46
2024-06-21,Продукты питания,6702.0,KZT,46
2024-07-05,Продукты питания,2709.0,KZT,46
2024-08-09,Одежда и обувь,7124.0,KZT,46
2024-07-13,Продукты питания,13145.0,KZT,46
2024-08-29,Одежда и обувь,25588.0,KZT,47
2024-08-17,АЗС,8637.0,KZT,47
2024-08-11,Продукты питания,7531.0,KZT,47
2024-07-16,Играем дома,10430.0,KZT,47
2024-07-01,Продукты питания,4909.0,KZT,47
2024-06-02,Продукты питания,5110.0,KZT,47
2024-06-18,Продукты питания,14431.0,KZT,47
2024-06-24,Медицина,17227.0,KZT,47
2024-08-23,Ремонт дома,6618.0,KZT,47
2024-06-17,Продукты питания,5884.0,KZT,47
2024-07-20,Одежда и обувь,15118.0,KZT,47
2024-06-18,Продукты питания,1746.0,KZT,47
2024-06-11,Продукты питания,2186.0,KZT,47
2024-06-28,Продукты питания,14464.0,KZT,47
2024-08-30,Одежда и обувь,39620.0,KZT,47
2024-07-29,Медицина,20761.0,KZT,47
2024-08-23,Кафе и рестораны,21406.0,KZT,47
2024-07-21,Продукты питания,4741.0,KZT,47
2024-08-04,Медицина,40958.0,KZT,47
2024-07-08,Продукты питания,12740.0,KZT,47
2024-06-03,Продукты питания,3324.0,KZT,47
2024-07-07,Одежда и обувь,24512.0,KZT,47
2024-07-15,Мебель,395945.0,KZT,47
2024-07-22,Продукты питания,4106.0,KZT,47
2024-07-11,АЗС,39066.0,KZT,47
2024-06-18,Ремонт дома,18332.0,KZT,47
2024-08-14,АЗС,48272.0,KZT,47
2024-07-17,Ремонт дома,26524.0,KZT,47
2024-06-05,Продукты питания,10433.0,KZT,47
2024-06-15,Продукты питания,14956.0,KZT,47
2024-07-24,Одежда и обувь,25786.0,KZT,47
2024-08-27,Одежда и обувь,29777.0,KZT,47
2024-08-28,Продукты питания,2503.0,KZT,47
2024-08-12,Путешествия,334762.0,KZT,47
2024-07-04,Авто,49202.0,KZT,47
2024-08-10,АЗС,34424.0,KZT,47
2024-06-12,Продукты питания,1978.0,KZT,47
2024-08-12,Медицина,31237.0,KZT,47
2024-06-11,Цветы,20783.0,KZT,47
2024-08-20,Одежда и обувь,41681.0,KZT,47
2024-08-28,Одежда и обувь,27300.0,KZT,47
2024-06-30,АЗС,45191.0,KZT,47
2024-08-16,Кафе и рестораны,33751.0,KZT,47
2024-08-28,Ремонт дома,43143.0,KZT,47
2024-06-21,Одежда и обувь,21045.0,KZT,47
2024-07-05,Продукты питания,2908.0,KZT,47
2024-07-15,Продукты питания,4593.0,KZT,47
2024-07-29,Продукты питания,11231.0,KZT,47
2024-07-14,Продукты питания,14977.0,KZT,47
2024-08-29,Кино,5290.0,KZT,47
2024-07-31,Одежда и обувь,47850.0,KZT,47
2024-08-22,Продукты питания,12597.0,KZT,47
2024-07-09,Продукты питания,8113.0,KZT,47
2024-07-10,Продукты питания,13795.0,KZT,47
2024-06-21,АЗС,11425.0,KZT,47
2024-06-20,АЗС,34065.0,KZT,48
2024-07-14,Ремонт дома,14246.0,KZT,48
2024-07-27,Ювелирные украшения,89123.0,KZT,48
2024-06-16,Продукты питания,12575.0,KZT,48
2024-07-29,Продукты питания,1722.0,KZT,48
2024-08-11,Одежда и обувь,47823.0,KZT,48
2024-06-11,АЗС,28515.0,KZT,48
2024-07-21,АЗС,37221.0,KZT,48
2024-07-27,Медицина,22324.0,KZT,48
2024-06-07,Одежда и обувь,8577.0,KZT,48
2024-07-23,Медицина,30915.0,KZT,48
2024-06-26,Продукты питания,7157.0,KZT,48
2024-08-05,Одежда и обувь,33278.0,KZT,48
2024-07-20,Кафе и рестораны,27227.0,KZT,48
2024-06-02,Медицина,32801.0,KZT,48
2024-07-28,Авто,5307.0,KZT,48
2024-07-20,Одежда и обувь,40309.0,KZT,48
2024-07-14,Продукты питания,13368.0,KZT,48
2024-07-09,Продукты питания,3082.0,KZT,48
2024-06-19,Смотрим дома,25105.0,KZT,48
2024-08-22,Продукты питания,11739.0,KZT,48
2024-08-19,Одежда и обувь,45431.0,KZT,48
2024-06-08,Продукты питания,8193.0,KZT,48
2024-07-13,Ремонт дома,27428.0,KZT,48
2024-08-11,Продукты питания,1633.0,KZT,48
2024-07-06,Продукты питания,13887.0,KZT,48
2024-06-05,Медицина,39383.0,KZT,48
2024-08-21,АЗС,12170.0,KZT,48
2024-07-29,Продукты питания,4482.0,KZT,48
2024-08-11,Продукты питания,5325.0,KZT,48
2024-07-17,Медицина,11831.0,KZT,48
2024-06-16,Продукты питания,7669.0,KZT,48
2024-08-21,Продукты питания,12322.0,KZT,48
2024-07-18,Одежда и обувь,19202.0,KZT,48
2024-08-04,Спа и массаж,49423.0,KZT,48
2024-07-24,Продукты питания,1437.0,KZT,48
2024-08-30,Одежда и обувь,37022.0,KZT,48
2024-07-22,Продукты питания,5732.0,KZT,48
2024-07-03,АЗС,44513.0,KZT,48
2024-08-20,Продукты питания,4088.0,KZT,48
2024-06-22,АЗС,23703.0,KZT,48
2024-06-11,Одежда и обувь,37623.0,KZT,48
2024-08-28,АЗС,15839.0,KZT,48
2024-06-23,Спа и массаж,17734.0,KZT,48
2024-06-05,Продукты питания,14862.0,KZT,48
2024-06-13,Медицина,35693.0,KZT,48
2024-08-08,Медицина,16769.0,KZT,48
2024-08-14,Кафе и рестораны,40568.0,KZT,48
2024-08-25,Продукты питания,11552.0,KZT,48
2024-07-10,Кино,11687.0,KZT,48
2024-08-25,АЗС,36610.0,KZT,48
2024-08-23,Ремонт дома,18226.0,KZT,48
2024-07-09,Ремонт дома,18400.0,KZT,48
2024-06-12,Продукты питания,1699.0,KZT,48
2024-08-14,Продукты питания,8440.0,KZT,48
2024-06-12,Продукты питания,8315.0,KZT,49
2024-08-16,Продукты питания,1749.0,KZT,49
2024-07-30,Одежда и обувь,28332.0,KZT,49
2024-07-09,АЗС,14853.0,KZT,49
2024-07-09,Продукты питания,9001.0,KZT,49
2024-06-11,Одежда и обувь,45301.0,KZT,49
2024-08-15,Кафе и рестораны,32813.0,KZT,49
2024-06-23,Смотрим дома,12061.0,KZT,49
2024-06-19,АЗС,36638.0,KZT,49
2024-06-24,Кафе и рестораны,27661.0,KZT,49
2024-07-17,Ремонт дома,49259.0,KZT,49
2024-06-24,Едим дома,6330.0,KZT,49
2024-08-27,Одежда и обувь,11422.0,KZT,49
2024-08-22,Путешествия,64333.0,KZT,49
2024-06-12,Продукты питания,12894.0,KZT,49
2024-06-22,Одежда и обувь,44184.0,KZT,49
2024-08-15,Развлечения,26710.0,KZT,49
2024-08-17,Подарки,30690.0,KZT,49
2024-08-28,Продукты питания,10745.0,KZT,49
2024-07-05,Одежда и обувь,49942.0,KZT,49
2024-06-10,Играем дома,35300.0,KZT,49
2024-08-23,Продукты питания,10110.0,KZT,49
2024-08-30,Кафе и рестораны,45805.0,KZT,49
2024-08-22,АЗС,44141.0,KZT,49
2024-08-14,АЗС,5463.0,KZT,49
2024-06-08,Ремонт дома,18229.0,KZT,49
2024-08-07,Медицина,39027.0,KZT,49
2024-06-21,Медицина,29255.0,KZT,49
2024-08-19,АЗС,46729.0,KZT,49
2024-08-05,АЗС,27092.0,KZT,49
2024-08-30,АЗС,16252.0,KZT,49
2024-07-16,Медицина,45804.0,KZT,50
2024-07-07,Спа и массаж,11613.0,KZT,50
2024-06-14,Такси,13286.0,KZT,50
2024-06-08,Кафе и рестораны,31699.0,KZT,50
2024-07-21,Медицина,8146.0,KZT,50
2024-07-02,Такси,9222.0,KZT,50
2024-06-29,Медицина,42904.0,KZT,50
2024-07-31,Одежда и обувь,27573.0,KZT,50
2024-07-12,Кафе и рестораны,6328.0,KZT,50
2024-08-21,Кафе и рестораны,44635.0,KZT,50
2024-08-21,Мебель,303435.0,KZT,50
2024-08-25,Кафе и рестораны,13718.0,KZT,50
2024-06-08,Продукты питания,2817.0,KZT,50
2024-08-19,Медицина,44075.0,KZT,50
2024-08-20,Кафе и рестораны,41410.0,KZT,50
2024-06-18,Продукты питания,3373.0,KZT,50
2024-06-24,Продукты питания,6563.0,KZT,50
2024-06-09,Продукты питания,2541.0,KZT,50
2024-08-23,Продукты питания,4633.0,KZT,50
2024-08-03,Медицина,44722.0,KZT,50
2024-08-15,Продукты питания,12860.0,KZT,50
2024-08-06,Одежда и обувь,8154.0,KZT,50
2024-07-11,Одежда и обувь,9109.0,KZT,50
2024-06-01,Кафе и рестораны,42825.0,KZT,50
2024-08-23,Играем дома,19073.0,KZT,51
2024-07-16,Кафе и рестораны,32132.0,KZT,51
2024-06-30,Развлечения,27889.0,KZT,51
2024-07-30,Медицина,33433.0,KZT,51
2024-06-29,Кафе и рестораны,8872.0,KZT,51
2024-07-09,Такси,7176.0,KZT,51
2024-06-25,Отели,479621.0,KZT,51
2024-07-05,Продукты питания,5775.0,KZT,51
2024-07-05,Кафе и рестораны,46946.0,KZT,51
2024-07-10,Развлечения,23393.0,KZT,51
2024-06-05,Подарки,36390.0,KZT,52
2024-08-02,Продукты питания,3816.0,KZT,52
2024-08-14,Ремонт дома,42708.0,KZT,52
2024-08-03,Такси,13955.0,KZT,52
2024-06-04,Развлечения,16063.0,KZT,52
2024-08-12,Продукты питания,10688.0,KZT,52
2024-08-08,Кафе и рестораны,22668.0,KZT,52
2024-07-02,Такси,1499.0,KZT,52
2024-06-11,Продукты питания,9469.0,KZT,52
2024-07-22,Медицина,46921.0,KZT,52
2024-06-21,Одежда и обувь,25112.0,KZT,52
2024-06-23,Одежда и обувь,5284.0,KZT,52
2024-06-06,Медицина,34416.0,KZT,52
2024-08-24,Развлечения,39806.0,KZT,52
2024-06-09,Книги,13306.0,KZT,52
2024-06-21,Играем дома,8139.0,KZT,52
2024-07-19,Одежда и обувь,45529.0,KZT,52
2024-06-08,Кафе и рестораны,40035.0,KZT,53
2024-07-31,Медицина,15430.0,KZT,53
2024-07-07,АЗС,21222.0,KZT,53
2024-07-18,Продукты питания,14185.0,KZT,53
2024-07-20,Продукты питания,2516.0,KZT,53
2024-07-05,Продукты питания,10976.0,KZT,53
2024-08-30,АЗС,35918.0,KZT,53
2024-08-05,Ремонт дома,27512.0,KZT,53
2024-06-26,Ремонт дома,48296.0,KZT,53
2024-07-09,Ремонт дома,9695.0,KZT,53
2024-07-15,АЗС,8672.0,KZT,53
2024-08-11,Кафе и рестораны,20514.0,KZT,53
2024-06-09,Продукты питания,14341.0,KZT,53
2024-07-11,Играем дома,43606.0,KZT,53
2024-07-03,Продукты питания,10681.0,KZT,53
2024-07-25,Ремонт дома,24245.0,KZT,53
2024-07-18,Продукты питания,6747.0,KZT,53
2024-06-19,Продукты питания,14531.0,KZT,53
2024-06-12,АЗС,32427.0,KZT,53
2024-07-07,АЗС,33409.0,KZT,53
2024-08-14,АЗС,37098.0,KZT,53
2024-07-15,Цветы,35331.0,KZT,53
2024-08-13,Ремонт дома,7428.0,KZT,53
2024-06-08,Продукты питания,9005.0,KZT,53
2024-06-30,Продукты питания,5104.0,KZT,53
2024-08-19,Медицина,9994.0,KZT,53
2024-06-25,Ремонт дома,17231.0,KZT,53
2024-08-15,Продукты питания,14406.0,KZT,53
2024-08-23,Продукты питания,6518.0,KZT,53
2024-07-25,Продукты питания,3457.0,KZT,53
2024-07-27,Ювелирные украшения,294267.0,KZT,53
2024-07-14,Кафе и рестораны,11121.0,KZT,53
2024-08-10,Ювелирные украшения,252106.0,KZT,53
2024-08-26,Продукты питания,11917.0,KZT,54
2024-06-05,Продукты питания,6738.0,KZT,54
2024-08-15,Медицина,20805.0,KZT,54
2024-06-28,Продукты питания,11598.0,KZT,54
2024-07-01,Продукты питания,10058.0,KZT,54
2024-08-02,Одежда и обувь,41339.0,KZT,54
2024-06-12,АЗС,38729.0,KZT,54
2024-08-08,Медицина,37385.0,KZT,54
2024-06-22,Ремонт дома,19261.0,KZT,54
2024-06-01,Ремонт дома,20818.0,KZT,54
2024-08-23,Продукты питания,1473.0,KZT,54
2024-06-21,Медицина,16013.0,KZT,54
2024-08-05,Медицина,24254.0,KZT,54
2024-07-10,Одежда и обувь,25590.0,KZT,54
2024-07-02,Одежда и обувь,31159.0,KZT,54
2024-08-17,Продукты питания,1288.0,KZT,54
2024-07-01,Одежда и обувь,16576.0,KZT,54
2024-07-20,Ремонт дома,5432.0,KZT,54
2024-07-03,Смотрим дома,46696.0,KZT,54
2024-07-15,Питомцы,26387.0,KZT,54
2024-07-20,Ремонт дома,26085.0,KZT,54
2024-06-25,Ремонт дома,16661.0,KZT,54
2024-07-10,Продукты питания,2411.0,KZT,54
2024-06-25,Такси,7426.0,KZT,54
2024-06-27,Косметика и Парфюмерия,10923.0,KZT,54
2024-08-26,Ремонт дома,49574.0,KZT,54
2024-07-23,АЗС,19424.0,KZT,54
2024-08-20,Ремонт дома,13383.0,KZT,54
2024-08-06,АЗС,31376.0,KZT,54
2024-06-01,Продукты питания,2299.0,KZT,54
2024-06-13,Медицина,25154.0,KZT,54
2024-06-03,Продукты питания,10830.0,KZT,55
2024-07-18,Косметика и Парфюмерия,38676.0,KZT,55
2024-07-16,Продукты питания,10897.0,KZT,55
2024-08-31,Продукты питания,14530.0,KZT,55
2024-06-14,Продукты питания,8436.0,KZT,55
2024-08-23,Развлечения,16111.0,KZT,55
2024-06-16,Кафе и рестораны,30318.0,KZT,55
2024-08-25,Развлечения,16491.0,KZT,55
2024-08-29,Продукты питания,4344.0,KZT,55
2024-07-04,Продукты питания,14997.0,KZT,55
2024-07-10,Продукты питания,6730.0,KZT,55
2024-06-29,Такси,8975.0,KZT,55
2024-06-27,Продукты питания,13695.0,KZT,55
2024-07-17,Развлечения,39032.0,KZT,55
2024-07-28,Развлечения,41458.0,KZT,55
2024-06-22,Продукты питания,13102.0,KZT,55
2024-06-06,Играем дома,27626.0,KZT,55
2024-07-22,Едим дома,5671.0,KZT,55
2024-08-07,Продукты питания,8320.0,KZT,55
2024-08-31,Продукты питания,6717.0,KZT,55
2024-07-12,Кафе и рестораны,29282.0,KZT,55
2024-06-21,Такси,1658.0,KZT,55
2024-07-16,Такси,4085.0,KZT,55
2024-07-28,АЗС,44762.0,KZT,55
2024-07-08,Одежда и обувь,13805.0,KZT,56
2024-08-11,Такси,12812.0,KZT,56
2024-06-26,Одежда и обувь,30769.0,KZT,56
2024-08-31,Продукты питания,10105.0,KZT,56
2024-06-08,Медицина,24370.0,KZT,56
2024-07-06,Путешествия,373914.0,KZT,56
2024-08-20,Медицина,48460.0,KZT,56
2024-07-29,Кафе и рестораны,19894.0,KZT,56
2024-08-24,Кафе и рестораны,29943.0,KZT,56
2024-07-04,Продукты питания,11702.0,KZT,56
2024-08-30,Одежда и обувь,46300.0,KZT,56
2024-06-09,Ремонт дома,28721.0,KZT,56
2024-08-09,Продукты питания,11407.0,KZT,56
2024-08-25,Одежда и обувь,11005.0,KZT,56
2024-06-18,Медицина,36694.0,KZT,56
2024-06-17,Развлечения,48644.0,KZT,56
2024-06-24,Медицина,11069.0,KZT,56
2024-07-31,Ювелирные украшения,221059.0,KZT,56
2024-08-29,Продукты питания,3510.0,KZT,56
2024-07-12,Такси,9344.0,KZT,56
2024-08-22,Медицина,18381.0,KZT,56
2024-07-22,Питомцы,17747.0,KZT,56
2024-08-16,Продукты питания,13187.0,KZT,56
2024-07-12,Развлечения,5462.0,KZT,56
2024-06-12,Продукты питания,10529.0,KZT,56
2024-06-19,Кафе и рестораны,49056.0,KZT,56
2024-08-27,Одежда и обувь,32592.0,KZT,56
2024-07-03,Медицина,20828.0,KZT,56
2024-07-11,Ювелирные украшения,411472.0,KZT,56
2024-07-18,Продукты питания,8512.0,KZT,56
2024-07-28,Одежда и обувь,28092.0,KZT,56
2024-08-12,Продукты питания,13083.0,KZT,56
2024-06-09,Подарки,36517.0,KZT,56
2024-06-25,Отели,115919.0,KZT,56
2024-07-03,Такси,8288.0,KZT,56
2024-07-22,Одежда и обувь,47546.0,KZT,56
2024-08-27,Продукты питания,14582.0,KZT,56
2024-06-11,Развлечения,29351.0,KZT,57
2024-07-13,Развлечения,35316.0,KZT,57
2024-08-15,Такси,13043.0,KZT,57
2024-08-07,Смотрим дома,41911.0,KZT,57
2024-06-25,Кафе и рестораны,25205.0,KZT,57
2024-07-26,Такси,13064.0,KZT,57
2024-08-08,Продукты питания,14788.0,KZT,57
2024-08-13,Книги,40312.0,KZT,57
2024-06-07,Кафе и рестораны,46699.0,KZT,57
2024-08-26,Книги,42844.0,KZT,57
2024-06-17,Развлечения,14422.0,KZT,57
2024-07-30,Смотрим дома,33984.0,KZT,57
2024-07-14,Кафе и рестораны,20865.0,KZT,57
2024-06-25,АЗС,8688.0,KZT,58
2024-07-03,Продукты питания,6942.0,KZT,58
2024-08-28,Продукты питания,2333.0,KZT,58
2024-08-02,Продукты питания,1634.0,KZT,58
2024-06-29,Продукты питания,4594.0,KZT,58
2024-06-29,Медицина,17384.0,KZT,58
2024-06-21,Ремонт дома,13487.0,KZT,58
2024-07-09,АЗС,9978.0,KZT,58
2024-08-21,Продукты питания,11557.0,KZT,58
2024-06-19,АЗС,47049.0,KZT,58
2024-06-10,Продукты питания,3550.0,KZT,58
2024-07-24,Продукты питания,12562.0,KZT,58
2024-07-24,Продукты питания,10593.0,KZT,58
2024-07-06,АЗС,17232.0,KZT,58
2024-06-01,Продукты питания,3976.0,KZT,58
2024-08-11,Ремонт дома,35469.0,KZT,58
2024-08-31,Продукты питания,6212.0,KZT,58
2024-06-08,Книги,22780.0,KZT,58
2024-07-23,Продукты питания,9036.0,KZT,58
2024-07-06,АЗС,29282.0,KZT,58
2024-06-20,Продукты питания,14080.0,KZT,58
2024-06-10,Продукты питания,13609.0,KZT,58
2024-08-15,Медицина,11681.0,KZT,58
2024-08-12,АЗС,8261.0,KZT,58
2024-06-08,Продукты питания,7712.0,KZT,58
2024-08-03,Продукты питания,3010.0,KZT,58
2024-06-16,Продукты питания,8378.0,KZT,58
2024-07-08,Продукты питания,3904.0,KZT,58
2024-07-11,Продукты питания,11320.0,KZT,58
2024-07-24,Продукты питания,13426.0,KZT,58
2024-08-30,Кафе и рестораны,12063.0,KZT,59
2024-07-30,Продукты питания,12088.0,KZT,59
2024-07-02,Одежда и обувь,19145.0,KZT,59
2024-06-14,Медицина,24117.0,KZT,59
2024-08-27,Продукты питания,12578.0,KZT,59
2024-08-28,Развлечения,7466.0,KZT,59
2024-08-23,Продукты питания,14236.0,KZT,59
2024-06-19,Продукты питания,10059.0,KZT,59
2024-06-13,Продукты питания,14101.0,KZT,59
2024-07-26,Продукты питания,8043.0,KZT,59
2024-06-24,Продукты питания,6313.0,KZT,59
2024-06-27,Кафе и рестораны,25237.0,KZT,59
2024-06-09,Продукты питания,10744.0,KZT,59
2024-06-12,Ювелирные украшения,474761.0,KZT,59
2024-06-19,Продукты питания,6768.0,KZT,59
2024-07-14,Продукты питания,6740.0,KZT,59
2024-07-17,Продукты питания,2887.0,KZT,59
2024-07-21,Одежда и обувь,44143.0,KZT,59
2024-06-24,Развлечения,49831.0,KZT,59
2024-07-16,Питомцы,16262.0,KZT,59
2024-06-14,Кафе и рестораны,18015.0,KZT,59
2024-07-13,Медицина,47374.0,KZT,59
2024-08-12,Медицина,5424.0,KZT,59
2024-06-27,Книги,39284.0,KZT,59
2024-06-24,Продукты питания,1131.0,KZT,59
2024-06-12,Продукты питания,10123.0,KZT,59
2024-06-17,Одежда и обувь,24955.0,KZT,59
2024-08-05,Одежда и обувь,31651.0,KZT,59
2024-07-14,Мебель,441391.0,KZT,59
2024-07-04,Такси,11147.0,KZT,59
2024-06-09,Продукты питания,9528.0,KZT,59
2024-07-30,Кафе и рестораны,25251.0,KZT,59
2024-07-29,Медицина,32108.0,KZT,59
2024-08-19,Спа и массаж,22789.0,KZT,59
2024-07-07,Одежда и обувь,16712.0,KZT,59
2024-06-28,Продукты питания,8755.0,KZT,59
2024-07-30,Медицина,24279.0,KZT,59
2024-08-01,Развлечения,7637.0,KZT,60
2024-07-18,Продукты питания,4790.0,KZT,60
2024-07-05,Медицина,45055.0,KZT,60
2024-07-28,Развлечения,17068.0,KZT,60
2024-06-27,Медицина,18219.0,KZT,60
2024-08-29,Продукты питания,7786.0,KZT,60
2024-08-18,Развлечения,6771.0,KZT,60
2024-08-24,Продукты питания,10188.0,KZT,60
2024-06-08,Косметика и Парфюмерия,37165.0,KZT,60
2024-08-01,Авто,22421.0,KZT,60
2024-08-23,Развлечения,37024.0,KZT,60
2024-08-10,Развлечения,39788.0,KZT,60
2024-08-02,Такси,1225.0,KZT,60
2024-06-03,Такси,11236.0,KZT,60
2024-06-28,Цветы,37567.0,KZT,60
2024-06-26,Медицина,36373.0,KZT,60
2024-07-11,Продукты питания,8347.0,KZT,60
